,BJD - 2454833, Corrected Flux
0,2061.3058333,1.022857618
1,2061.32626559,1.023109908
2,2061.34669778,1.022803433
3,2061.36712987,1.021690438
4,2061.38756216,1.020027671
5,2061.40799435,1.0188239
6,2061.42842664,1.019911138
7,2061.4897232,1.029935232
8,2061.51015529,1.030668739
9,2061.53058747,1.030581454
10,2061.55101976,1.031315655
11,2061.57145194,1.029458666
12,2061.59188403,1.025576465
13,2061.61231631,1.021589006
14,2061.6327485,1.018286992
15,2061.65318058,1.017303918
16,2061.67361286,1.014385102
17,2061.69404505,1.00771386
18,2061.71447723,1.001834656
19,2061.73490941,0.995402675
20,2061.75534159,0.987536337
21,2061.77577377,0.978464257
22,2061.81663813,0.974682587
23,2061.83707031,0.976675598
24,2061.85750249,0.980572584
25,2061.87793457,0.98844766
26,2061.89836685,0.995945411
27,2061.91879902,1.00230144
28,2061.9392312,1.008699514
29,2061.95966338,1.013234516
30,2061.98009555,1.017619475
31,2062.00052783,1.021775166
32,2062.0209599,1.025471244
33,2062.04139208,1.029407013
34,2062.06182435,1.033039662
35,2062.08225643,1.035428339
36,2062.1026886,1.036698975
37,2062.12312087,1.036934421
38,2062.14355305,1.037090996
39,2062.22528163,1.034717886
40,2062.2457139,1.035074402
41,2062.26614607,1.035324408
42,2062.28657814,1.035393831
43,2062.30701041,1.035423793
44,2062.32744258,1.036538023
45,2062.34787485,1.03572878
46,2062.36830691,1.035276978
47,2062.38873908,1.035915576
48,2062.42960342,1.036660199
49,2062.45003558,1.036148761
50,2062.47046775,1.036881916
51,2062.49089991,1.036353811
52,2062.51133208,1.036826502
53,2062.53176424,1.036653654
54,2062.5521964,1.036451988
55,2062.57262857,1.037140336
56,2062.59306073,1.037507186
57,2062.61349289,1.038346398
58,2062.63392505,1.037467658
59,2062.65435731,1.037847741
60,2062.67478937,1.037858019
61,2062.69522164,1.038426982
62,2062.71565379,1.038257755
63,2062.73608585,1.037463128
64,2062.75651811,1.037007817
65,2062.77695027,1.03573102
66,2062.79738233,1.034212779
67,2062.81781459,1.034484197
68,2062.83824675,1.035333902
69,2062.8586788,1.035147642
70,2062.87911106,1.03548875
71,2062.91997527,1.036801825
72,2062.94040752,1.034795032
73,2062.96083968,1.033646895
74,2062.98127183,1.033103026
75,2063.00170399,1.032473083
76,2063.02213614,1.031021457
77,2063.04256829,1.030669541
78,2063.06300045,1.031464188
79,2063.0834326,1.031548563
80,2063.10386485,1.031965326
81,2063.124297,1.030502613
82,2063.14472905,1.030417113
83,2063.1651613,1.031228078
84,2063.18559345,1.031265616
85,2063.2060255,1.030988846
86,2063.22645775,1.030663664
87,2063.2468898,1.030602071
88,2063.26732194,1.030148862
89,2063.28775419,1.028779483
90,2063.30818624,1.028696192
91,2063.32861839,1.030153442
92,2063.34905063,1.029216517
93,2063.36948268,1.028121331
94,2063.38991482,1.027770321
95,2063.41034707,1.026605644
96,2063.43077911,1.027296658
97,2063.45121126,1.028166689
98,2063.4716435,1.027481078
99,2063.49207564,1.028299897
100,2063.51250778,1.027817801
101,2063.53293993,1.028394861
102,2063.55337207,1.02673151
103,2063.57380421,1.025757741
104,2063.59423635,1.024504217
105,2063.61466849,1.022199122
106,2063.63510073,1.021005023
107,2063.69639715,1.019186535
108,2063.71682919,1.018439295
109,2063.73726132,1.018009082
110,2063.75769356,1.017457975
111,2063.7781256,1.016723157
112,2063.79855773,1.015347376
113,2063.81898997,1.013417134
114,2063.85985414,1.012262255
115,2063.88028638,1.011405455
116,2063.90071841,1.011160872
117,2063.92115064,1.009294959
118,2063.94158278,1.007477788
119,2063.96201481,1.006735731
120,2064.00287917,1.005318091
121,2064.02331121,1.006015718
122,2064.04374344,1.006274294
123,2064.06417557,1.006556189
124,2064.0846076,1.006004246
125,2064.10503983,1.005326061
126,2064.55454657,0.999232685
127,2064.57497879,0.998655989
128,2064.59541091,0.99941593
129,2064.63627515,1.002241694
130,2064.65670727,1.002990966
131,2064.73843564,1.008587157
132,2064.77929987,1.011095773
133,2064.79973208,1.010223639
134,2064.8201642,1.012096799
135,2064.84059631,1.012232029
136,2064.86102842,1.011429366
137,2064.92232476,1.009988091
138,2064.94275688,1.010759843
139,2064.96318899,1.009311913
140,2064.9836212,1.009259984
141,2065.00405321,1.00943796
142,2065.02448532,1.009494889
143,2065.04491753,1.008726793
144,2065.06534954,1.009617126
145,2065.08578165,1.00906566
146,2065.10621386,1.009741379
147,2065.12664586,1.010357286
148,2065.14707797,1.011235705
149,2065.16751018,1.01235178
150,2065.20837439,1.012623079
151,2065.2288065,1.014665228
152,2065.2492385,1.014677665
153,2065.26967071,1.014960978
154,2065.29010281,1.01437307
155,2065.31053492,1.015204536
156,2065.33096702,1.016213995
157,2065.35139913,1.017042586
158,2065.37183123,1.018822415
159,2065.39226333,1.023361319
160,2065.41269543,1.027317713
161,2065.43312753,1.024955081
162,2065.45355964,1.023605131
163,2065.47399174,1.021983732
164,2065.49442374,1.021933604
165,2065.51485594,1.022286141
166,2065.53528804,1.020850115
167,2065.55572003,1.02006484
168,2065.57615223,1.018561111
169,2065.59658433,1.019324105
170,2065.65788062,1.019626483
171,2065.67831282,1.018757833
172,2065.69874482,1.017490661
173,2065.71917691,1.016271459
174,2065.73960911,1.01646498
175,2065.7600411,1.017459216
176,2065.7804732,1.018596681
177,2065.80090539,1.019424749
178,2065.82133749,1.019980431
179,2065.84176948,1.021447491
180,2065.86220167,1.021890496
181,2065.88263376,1.021830131
182,2065.90306576,1.021491855
183,2065.92349795,1.021191494
184,2065.94393004,1.021531716
185,2065.96436203,1.021504388
186,2065.98479422,1.022381055
187,2066.00522631,1.022355549
188,2066.0256583,1.022996375
189,2066.04609049,1.023617022
190,2066.06652257,1.022057966
191,2066.08695476,1.020433458
192,2066.14825092,1.01805672
193,2066.16868301,1.018450044
194,2066.1891151,1.018708384
195,2066.20954718,1.020226707
196,2066.22997927,1.020030446
197,2066.25041135,1.020216168
198,2066.27084344,1.020893088
199,2066.29127552,1.021436745
200,2066.3117076,1.021173521
201,2066.33213979,1.019820819
202,2066.39343603,1.020850973
203,2066.41386801,1.022268333
204,2066.43430009,1.022372642
205,2066.45473227,1.023396626
206,2066.47516425,1.024231851
207,2066.49559633,1.023449932
208,2066.51602851,1.022755244
209,2066.53646049,1.022599204
210,2066.55689267,1.021609971
211,2066.57732475,1.020405718
212,2066.59775673,1.020660409
213,2066.6181889,1.021759256
214,2066.63862098,1.021689874
215,2066.65905306,1.022059968
216,2066.67948513,1.022517579
217,2066.69991721,1.021705339
218,2066.72034928,1.020789436
219,2066.74078136,1.020324426
220,2066.76121343,1.020861722
221,2066.78164551,1.02107555
222,2066.80207768,1.020888341
223,2066.82250965,1.019838888
224,2066.8633738,1.019058912
225,2066.88380587,1.017876641
226,2066.90423794,1.017364508
227,2066.92467011,1.017380063
228,2066.96553405,1.017235168
229,2066.98596622,1.016592814
230,2067.00639829,1.016083288
231,2067.02683046,1.017214174
232,2067.04726243,1.01851602
233,2067.06769449,1.018812623
234,2067.08812666,1.018696361
235,2067.10855863,1.019075571
236,2067.1289907,1.021024351
237,2067.14942286,1.022920005
238,2067.16985493,1.024365122
239,2067.19028689,1.025571858
240,2067.21071906,1.027546248
241,2067.23115112,1.029332515
242,2067.25158309,1.030299541
243,2067.27201525,1.030409557
244,2067.29244731,1.032036761
245,2067.31287928,1.032831287
246,2067.3537435,1.036835567
247,2067.37417546,1.036890322
248,2067.39460762,1.03711719
249,2067.41503969,1.036008423
250,2067.43547165,1.035216522
251,2067.45590381,1.034376731
252,2067.47633587,1.034335241
253,2067.49676803,1.034866578
254,2067.51719998,1.034908169
255,2067.5580642,1.035653782
256,2067.57849616,1.035704105
257,2067.59892821,1.035398242
258,2067.61936027,1.034932947
259,2067.63979243,1.036416042
260,2067.66022438,1.035340517
261,2067.68065644,1.034967316
262,2067.7010885,1.033153403
263,2067.72152055,1.031036497
264,2067.7419527,1.030183144
265,2067.76238466,1.029393092
266,2067.78281671,1.028406949
267,2067.86454502,1.031802075
268,2067.88497697,1.030869376
269,2067.90540912,1.031853521
270,2067.92584117,1.03143116
271,2067.94627312,1.031791124
272,2067.96670527,1.031828062
273,2067.98713732,1.032093054
274,2068.02800142,1.035081248
275,2068.04843347,1.034280635
276,2068.13016166,1.032782008
277,2068.1505938,1.031941719
278,2068.17102575,1.031403516
279,2068.1914578,1.030890491
280,2068.21188994,1.03133898
281,2068.23232188,1.031980885
282,2068.25275393,1.033018476
283,2068.27318607,1.033464913
284,2068.29361801,1.033015818
285,2068.31405006,1.032120972
286,2068.3344822,1.031236575
287,2068.35491414,1.03089703
288,2068.37534628,1.031538734
289,2068.39577823,1.032069315
290,2068.41621027,1.032085124
291,2068.43664241,1.031089514
292,2068.45707435,1.030392503
293,2068.47750639,1.029632646
294,2068.49793853,1.03010635
295,2068.51837046,1.029078858
296,2068.5388025,1.028577776
297,2068.55923464,1.02907258
298,2068.57966668,1.029309793
299,2068.60009862,1.028473118
300,2068.62053075,1.027568654
301,2068.64096279,1.025775828
302,2068.66139472,1.025945328
303,2068.68182686,1.02485702
304,2068.7022589,1.023713192
305,2068.72269083,1.024154585
306,2068.74312297,1.02419496
307,2068.763555,1.023661028
308,2068.78398713,1.022217171
309,2068.84528323,1.022520317
310,2068.86571516,1.021535066
311,2068.88614719,1.020662478
312,2068.90657933,1.022275114
313,2068.92701126,1.0228421
314,2068.94744329,1.024889236
315,2068.96787542,1.022875976
316,2068.98830745,1.020757341
317,2069.00873938,1.018533614
318,2069.0291715,1.017071014
319,2069.07003546,1.015149311
320,2069.09046759,1.014107633
321,2069.11089951,1.013925775
322,2069.13133154,1.014515947
323,2069.15176367,1.014544683
324,2069.17219569,1.013500134
325,2069.19262762,1.012769631
326,2069.21305975,1.012789659
327,2069.23349167,1.011915581
328,2069.25392379,1.01026751
329,2069.27435582,1.008524856
330,2069.31521987,1.007576517
331,2069.33565189,1.007899361
332,2069.37651593,1.009077911
333,2069.437812,1.008051716
334,2069.45824402,1.007681533
335,2069.47867604,1.007977407
336,2069.49910806,1.007413493
337,2069.51954007,1.004737274
338,2069.58083613,1.004677363
339,2069.60126815,1.004773297
340,2069.62170027,1.002985787
341,2069.64213218,1.001290508
342,2069.6625643,1.001546652
343,2069.68299631,1.001360584
344,2069.72386035,1.00158678
345,2069.74429236,1.001934087
346,2069.76472427,1.002980653
347,2069.78515639,1.004011864
348,2069.8055884,1.005280631
349,2069.82602032,1.005538812
350,2069.84645243,1.004715777
351,2069.86688434,1.003670551
352,2069.88731645,1.002356671
353,2069.90774847,1.002142193
354,2069.92818048,1.003059003
355,2069.94861239,1.003608498
356,2069.9690445,1.004938675
357,2069.98947651,1.005748335
358,2070.00990842,1.007516656
359,2070.09163655,1.008331994
360,2070.11206856,1.00944835
361,2070.13250067,1.009938221
362,2070.15293257,1.009116421
363,2070.17336458,1.00845915
364,2070.19379669,1.008168644
365,2070.21422859,1.009721588
366,2070.2550927,1.006911807
367,2070.27552461,1.006335885
368,2070.29595661,1.005482336
369,2070.31638872,1.005701887
370,2070.33682062,1.006428711
371,2070.35725262,1.007007949
372,2070.37768473,1.008295001
373,2070.39811673,1.009088539
374,2070.41854863,1.007255056
375,2070.43898073,1.006695499
376,2070.45941273,1.005354106
377,2070.47984463,1.003566558
378,2070.50027673,1.001611092
379,2070.54114083,1.003816219
380,2070.56157273,1.005229623
381,2070.58200463,1.006679624
382,2070.60243673,1.006337098
383,2070.62286873,1.006304838
384,2070.64330063,1.005015799
385,2070.66373272,1.005828928
386,2070.68416472,1.005530973
387,2070.70459662,1.005714054
388,2070.74546071,1.006868864
389,2070.7658927,1.009146398
390,2070.7863247,1.008748541
391,2070.80675669,1.007713727
392,2070.82718869,1.005448948
393,2070.88848467,1.003494512
394,2070.90891676,1.002093468
395,2070.92934865,1.001305789
396,2070.97021274,1.001948463
397,2070.99064463,1.00391341
398,2071.03150871,1.007113977
399,2071.0519406,1.005498257
400,2071.07237269,1.004532412
401,2071.09280468,1.003166816
402,2071.13366865,1.002074821
403,2071.15410064,1.001342585
404,2071.19496462,1.004064814
405,2071.2153966,1.003662271
406,2071.23582859,1.00274712
407,2071.29712455,1.001045073
408,2071.31755653,1.00169416
409,2071.33798852,1.002970629
410,2071.3584205,1.003122991
411,2071.37885249,0.999475351
412,2071.39928447,0.999378768
413,2071.41971655,0.999261234
414,2071.46058042,1.000626151
415,2071.50144438,1.005441283
416,2071.52187636,1.006260748
417,2071.54230844,1.00749079
418,2071.56274032,1.005722087
419,2071.5831723,1.004126808
420,2071.60360438,1.00482713
421,2071.62403626,1.003314758
422,2071.64446824,0.999432916
423,2071.66490032,0.999107232
424,2071.6853322,0.999536071
425,2071.70576418,1.000402058
426,2071.72619625,1.000920328
427,2071.74662823,1.001883879
428,2071.76706021,1.00375927
429,2071.78749218,1.004423774
430,2071.80792416,1.005256106
431,2071.88965216,1.009281467
432,2071.91008403,1.009022
433,2071.93051601,1.007656587
434,2071.95094808,1.008936163
435,2071.97137995,1.010114306
436,2072.09397178,1.011591659
437,2072.11440375,1.012617806
438,2072.13483572,1.012881918
439,2072.15526769,1.01402228
440,2072.17569966,1.015189252
441,2072.19613163,1.016570066
442,2072.25742763,1.017240031
443,2072.29829157,1.017609208
444,2072.31872353,1.018323179
445,2072.3391554,1.017022514
446,2072.35958747,1.015791047
447,2072.38001943,1.017353739
448,2072.4004513,1.016479847
449,2072.42088336,1.015647783
450,2072.44131532,1.013694605
451,2072.46174719,1.013574131
452,2072.50261121,1.016743389
453,2072.52304308,1.017840623
454,2072.54347514,1.018394518
455,2072.5639071,1.018571332
456,2072.58433906,1.019356552
457,2072.62520299,1.019998842
458,2072.66606691,1.019143511
459,2072.68649887,1.019988848
460,2072.70693093,1.021883791
461,2072.74779474,1.023604856
462,2072.7682268,1.021024746
463,2072.78865876,1.021979424
464,2072.80909062,1.0223556
465,2072.82952268,1.022539177
466,2072.84995453,1.022291082
467,2072.87038649,1.022030743
468,2072.89081854,1.022740089
469,2072.9112504,1.023065508
470,2072.93168235,1.024285601
471,2072.95211441,1.024166973
472,2072.97254626,1.023814957
473,2072.99297822,1.022918489
474,2073.01341027,1.02225336
475,2073.03384213,1.02335481
476,2073.05427418,1.023982632
477,2073.07470613,1.023348113
478,2073.09513809,1.023028469
479,2073.11557004,1.021690044
480,2073.13600199,1.021041356
481,2073.15643394,1.02224476
482,2073.17686589,1.022306213
483,2073.19729784,1.021662689
484,2073.25859369,1.022039126
485,2073.27902564,1.022891773
486,2073.29945769,1.023990575
487,2073.31988954,1.023437994
488,2073.34032149,1.022868038
489,2073.36075353,1.023495608
490,2073.38118538,1.023471618
491,2073.40161733,1.023772741
492,2073.44248122,1.02558663
493,2073.46291327,1.026303598
494,2073.48334511,1.025766182
495,2073.50377706,1.024132412
496,2073.5242091,1.024086164
497,2073.54464095,1.024722069
498,2073.56507289,1.023155858
499,2073.58550493,1.024653571
500,2073.60593688,1.025402318
501,2073.62636872,1.023312491
502,2073.64680076,1.023087396
503,2073.66723271,1.023299562
504,2073.68766455,1.022205345
505,2073.74896037,1.021812362
506,2073.76939241,1.021274619
507,2073.78982435,1.020714196
508,2073.81025619,1.020432769
509,2073.83068823,1.01939889
510,2073.85112017,1.019266825
511,2073.87155221,1.017791677
512,2073.89198404,1.01746024
513,2073.91241598,1.017523501
514,2073.93284802,1.015577428
515,2073.99414383,1.01726416
516,2074.01457567,1.015311947
517,2074.0350076,1.014720516
518,2074.05543964,1.014223879
519,2074.07587157,1.01352047
520,2074.09630341,1.013644056
521,2074.11673544,1.015369583
522,2074.13716728,1.016628325
523,2074.15759921,1.01475734
524,2074.17803124,1.014468411
525,2074.23932704,1.011281249
526,2074.25975887,1.008383267
527,2074.2801908,1.008542264
528,2074.30062284,1.009851158
529,2074.32105467,1.011124325
530,2074.3414867,1.011779086
531,2074.36191863,1.010385301
532,2074.38235046,1.010814929
533,2074.40278248,1.011561382
534,2074.42321441,1.011030052
535,2074.44364634,1.009988064
536,2074.46407827,1.008871827
537,2074.4845102,1.007922082
538,2074.50494213,1.007398573
539,2074.52537405,1.0080559
540,2074.54580598,1.005730518
541,2074.56623791,1.006855505
542,2074.58666993,1.00720478
543,2074.60710176,1.006675155
544,2074.62753368,1.007402598
545,2074.64796571,1.007398304
546,2074.66839753,1.00667126
547,2074.70926148,1.005309419
548,2074.72969331,1.005678366
549,2074.75012533,1.005661493
550,2074.79098908,1.00869054
551,2074.8114211,1.007480215
552,2074.83185302,1.006328882
553,2074.85228484,1.00506862
554,2074.87271686,1.004552477
555,2074.89314868,1.007735694
556,2074.9135806,1.009610129
557,2074.95444444,1.004632867
558,2074.97487636,1.004011121
559,2074.99530838,1.004515977
560,2075.0157403,1.004127856
561,2075.03617212,1.005724074
562,2075.05660414,1.008101457
563,2075.07703605,1.010450204
564,2075.09746787,1.012823457
565,2075.11789989,1.011943079
566,2075.1383318,1.010667055
567,2075.15876382,1.00929198
568,2075.19962755,1.006342445
569,2075.22005957,1.004504454
570,2075.24049138,1.003134539
571,2075.2609233,1.003889237
572,2075.28135531,1.003340002
573,2075.30178712,1.00290079
574,2075.32221904,1.001334389
575,2075.34265105,1.002130493
576,2075.36308286,1.004720994
577,2075.38351478,1.002355564
578,2075.40394679,0.997673966
579,2075.46524252,1.004979716
580,2075.48567443,1.008069581
581,2075.50610624,1.008949783
582,2075.52653825,1.006891981
583,2075.54697016,1.005019396
584,2075.56740207,1.004559441
585,2075.58783398,1.003498696
586,2075.60826589,1.003989759
587,2075.6286978,1.004455206
588,2075.64912971,1.003515759
589,2075.71042543,1.004467133
590,2075.73085723,1.009540857
591,2075.75128924,1.009656443
592,2075.77172115,1.007383938
593,2075.79215295,1.006404776
594,2075.81258496,1.005656052
595,2075.83301686,1.006723672
596,2075.85344877,1.008064131
597,2075.87388067,1.007227872
598,2075.89431258,1.006300913
599,2075.99647219,1.003977245
600,2076.01690399,1.006150254
601,2076.03733599,1.007337249
602,2076.05776789,1.007798472
603,2076.07819969,1.008099212
604,2076.09863169,1.009548042
605,2076.11906359,1.008975536
606,2076.13949539,1.00883249
607,2076.15992739,1.009607878
608,2076.18035929,1.008241009
609,2076.20079109,1.009459941
610,2076.22122309,1.011435795
611,2076.24165499,1.010131617
612,2076.26208688,1.010810942
613,2076.28251878,1.011547667
614,2076.30295068,1.00908708
615,2076.32338258,1.012632959
616,2076.34381447,1.015796295
617,2076.36424637,1.014196872
618,2076.38467826,1.014622996
619,2076.42554205,1.013079693
620,2076.44597395,1.007562292
621,2076.46640584,1.007745569
622,2076.48683774,1.010644278
623,2076.50726973,1.008665969
624,2076.52770152,1.006212024
625,2076.56856541,1.013285995
626,2076.5889972,1.013111898
627,2076.62986108,1.011558427
628,2076.67072477,1.004962123
629,2076.69115676,0.999451273
630,2076.71158855,0.991318856
631,2076.73202044,0.981662187
632,2076.75245243,0.975616516
633,2076.77288422,0.96191962
634,2076.79331621,0.952687813
635,2076.81374809,0.949978316
636,2076.85461187,0.942435808
637,2076.87504376,0.94118167
638,2076.91590763,0.943993215
639,2076.93633942,0.946079651
640,2076.95677131,0.950301161
641,2076.97720329,0.949829413
642,2076.99763508,0.947874239
643,2077.01806696,0.944495334
644,2077.03849885,0.942788238
645,2077.05893073,0.937064327
646,2077.07936261,0.93051985
647,2077.0997945,0.921372262
648,2077.12022638,0.912450535
649,2077.14065817,0.905256548
650,2077.16109015,0.906553768
651,2077.18152203,0.907400232
652,2077.20195401,0.908478215
653,2077.2223858,0.905641392
654,2077.24281768,0.905620537
655,2077.26324966,0.910607372
656,2077.30411332,0.917225514
657,2077.3245453,0.913819825
658,2077.34497718,0.94618885
659,2077.36540896,0.95442285
660,2077.4267046,0.944962425
661,2077.44713658,0.945795174
662,2077.46756845,0.945358591
663,2077.48800023,0.946978337
664,2077.50843221,0.948912667
665,2077.52886408,0.942381618
666,2077.54929586,0.935508209
667,2077.56972784,0.925942935
668,2077.59015971,0.919031213
669,2077.61059169,0.912794289
670,2077.67188731,0.914878848
671,2077.69231909,0.920256547
672,2077.71275096,0.926401371
673,2077.73318294,0.930349969
674,2077.75361471,0.935663772
675,2077.77404658,0.942380646
676,2077.79447845,0.951220723
677,2077.81491043,0.960352451
678,2077.8353422,0.969062582
679,2077.85577417,0.975987689
680,2077.93750155,0.997000252
681,2077.95793353,0.996298511
682,2077.97836539,0.999624217
683,2077.99879716,1.005157317
684,2078.01922913,1.011233297
685,2078.039661,1.015165388
686,2078.06009277,1.017135468
687,2078.08052474,1.01798076
688,2078.10095661,1.016755045
689,2078.16225221,1.014743471
690,2078.18268407,1.014667492
691,2078.20311594,1.015083315
692,2078.22354781,1.016108432
693,2078.24397967,1.015233512
694,2078.30527527,1.017317986
695,2078.44829841,1.017114941
696,2078.67304887,1.01142579
697,2078.71391249,1.013034359
698,2078.77520817,1.017321407
699,2078.79564002,1.016600024
700,2078.81607188,1.014968192
701,2078.83650383,1.016002398
702,2078.8977994,1.024097666
703,2078.91823116,1.024626134
704,2078.99995857,1.026383423
705,2079.04082228,1.025594206
706,2079.08168609,1.023185954
707,2079.14298164,1.023012069
708,2079.20427719,1.026691384
709,2079.24514089,1.023980534
710,2079.26557274,1.023476469
711,2079.28600449,1.023112932
712,2079.30643644,1.023005431
713,2079.32686829,1.023932819
714,2079.34730004,1.023581716
715,2079.36773199,1.026782735
716,2079.38816383,1.028815497
717,2079.40859558,1.030462807
718,2079.46989112,1.027407418
719,2079.49032307,1.024150515
720,2079.51075492,1.02269332
721,2079.55161861,1.021086838
722,2079.57205045,1.017523379
723,2079.5924824,1.015047593
724,2079.65377793,1.008263625
725,2079.67420977,1.007337676
726,2079.69464152,1.004389587
727,2079.7355053,1.038372294
728,2079.75593704,0.99803252
729,2079.77636898,0.99726387
730,2079.79680083,1.003654481
731,2079.81723257,1.009909233
732,2079.87852809,0.997410439
733,2079.89896003,0.998674011
734,2079.91939187,0.997987097
735,2079.93982361,0.996118466
736,2079.96025555,0.99443428
737,2079.98068739,0.997005745
738,2080.00111923,0.994163778
739,2080.02155106,0.991957339
740,2080.0419829,0.993636908
741,2080.06241474,0.995044201
742,2080.12371025,0.994211144
743,2080.14414209,0.992403546
744,2080.16457392,0.99131551
745,2080.18500586,0.993636916
746,2080.20543759,0.99352555
747,2080.22586943,0.991121879
748,2080.24630136,0.989996393
749,2080.2667331,0.988483482
750,2080.28716493,0.987188647
751,2080.30759687,0.988295761
752,2080.36889237,0.977492167
753,2080.3893241,0.982694342
754,2080.40975603,0.9848062
755,2080.43018786,0.987684215
756,2080.4506196,0.987918742
757,2080.47105153,0.982370402
758,2080.49148336,0.980997317
759,2080.51191519,0.981426909
760,2080.53234702,0.980660733
761,2080.55277885,0.979574786
762,2080.57321068,0.980297417
763,2080.59364251,0.980269194
764,2080.61407434,0.981542313
765,2080.63450617,0.981837799
766,2080.6549381,0.98335235
767,2080.67536983,0.983194916
768,2080.69580166,0.990386871
769,2080.71623348,0.984258894
770,2080.73666531,0.982931369
771,2080.75709704,0.984584876
772,2080.77752896,0.985371089
773,2080.79796079,0.983907854
774,2080.85925627,0.988446428
775,2080.8796882,0.986063877
776,2080.90011992,0.988242215
777,2080.92055175,0.988946489
778,2080.94098367,0.990095713
779,2080.9614154,0.991834743
780,2080.98184722,0.993467034
781,2081.00227914,0.994878356
782,2081.02271097,0.994622547
783,2081.06357461,0.995219956
784,2081.08400643,0.994290402
785,2081.10443816,0.993621583
786,2081.12487008,0.993451789
787,2081.1453019,0.994087068
788,2081.16573362,0.994498261
789,2081.18616554,0.996782131
790,2081.20659736,0.995213462
791,2081.22702928,0.994474849
792,2081.247461,0.995948977
793,2081.26789283,0.995209959
794,2081.28832474,0.993821333
795,2081.3496202,0.997613668
796,2081.37005192,0.994169238
797,2081.39048374,0.992901444
798,2081.41091556,0.994582035
799,2081.43134737,0.995518693
800,2081.45177919,0.996507141
801,2081.47221101,0.995336425
802,2081.49264282,0.995510702
803,2081.51307464,0.995875617
804,2081.53350646,0.994246445
805,2081.55393827,0.993242484
806,2081.57437009,0.993788743
807,2081.594802,0.991853693
808,2081.61523372,0.990237216
809,2081.63566563,0.992815635
810,2081.65609745,0.991538488
811,2081.67652916,0.98824448
812,2081.69696108,0.997884378
813,2081.71739289,1.032873681
814,2081.7378246,0.98844036
815,2081.75825652,0.984054279
816,2081.77868833,0.988665939
817,2081.83998376,0.980184277
818,2081.86041557,0.971591381
819,2081.88084739,0.966551239
820,2081.9012792,0.965050618
821,2081.92171101,0.969365492
822,2081.94214282,0.973101747
823,2081.96257463,0.975309472
824,2081.98300644,0.976057954
825,2082.00343825,0.973815077
826,2082.02387006,0.969018457
827,2082.04430197,0.967120566
828,2082.06473377,0.965754264
829,2082.08516548,0.96612937
830,2082.10559739,0.967606717
831,2082.1260291,0.967773323
832,2082.1464609,0.966053531
833,2082.16689281,0.967033632
834,2082.18732452,0.96595958
835,2082.20775633,0.969843912
836,2082.22818823,0.975673206
837,2082.24861994,0.98109482
838,2082.26905174,0.981918444
839,2082.33034716,0.989714001
840,2082.35077906,0.988896256
841,2082.37121077,0.986233944
842,2082.39164257,0.987974127
843,2082.41207448,0.988621811
844,2082.43250628,0.989011591
845,2082.45293808,0.989988719
846,2082.47336989,0.991973242
847,2082.49380169,0.992655739
848,2082.51423359,0.996266349
849,2082.53466529,0.997514024
850,2082.55509709,0.996638641
851,2082.57552899,0.993683156
852,2082.5959607,0.989097847
853,2082.6163925,0.983692273
854,2082.6368244,0.985756102
855,2082.6572561,0.990480234
856,2082.6776879,0.992354098
857,2082.6981198,0.995148043
858,2082.7185515,0.990895982
859,2082.7389833,0.989706592
860,2082.7594152,0.993499771
861,2082.82071059,0.972897046
862,2082.84114229,0.963623452
863,2082.86157419,0.952926929
864,2082.88200598,0.942590613
865,2082.90243768,0.931474321
866,2082.92286958,0.922289979
867,2082.94330137,0.914394628
868,2082.96373307,0.908401326
869,2082.98416497,0.901785403
870,2083.00459676,0.900363026
871,2083.02502846,0.895512271
872,2083.04546035,0.890243627
873,2083.06589215,0.88701701
874,2083.08632384,0.885602721
875,2083.10675573,0.879773081
876,2083.12718753,0.871589559
877,2083.14761922,0.868562768
878,2083.16805111,0.868657556
879,2083.18848291,0.874367667
880,2083.2089148,0.876576472
881,2083.22934649,0.881054362
882,2083.24977829,0.884361118
883,2083.31107366,0.901127471
884,2083.33150555,0.908157528
885,2083.35193734,0.913840454
886,2083.37236903,0.920438593
887,2083.39280092,0.927721246
888,2083.41323271,0.932629135
889,2083.4336644,0.936568118
890,2083.45409629,0.940415894
891,2083.47452808,0.944162004
892,2083.51539166,0.953597035
893,2083.53582345,0.961198376
894,2083.55625534,0.966955908
895,2083.57668702,0.970156957
896,2083.59711881,0.973893546
897,2083.6175506,0.97730446
898,2083.63798239,0.980900091
899,2083.65841407,0.987820891
900,2083.67884596,0.990416286
901,2083.69927775,0.99428591
902,2083.71970943,0.998360607
903,2083.74014132,1.000026646
904,2083.80143667,1.008390361
905,2083.82186846,1.009777984
906,2083.84230024,1.011403095
907,2083.86273202,1.01183331
908,2083.88316381,1.012631783
909,2083.90359559,1.013831805
910,2083.92402748,1.015413645
911,2083.94445916,1.014791374
912,2083.96489104,1.014620072
913,2083.98532282,1.014695845
914,2084.0057545,1.013408144
915,2084.02618639,1.013048731
916,2084.04661817,1.013836231
917,2084.06704985,1.014654379
918,2084.08748173,1.014265649
919,2084.10791351,1.013309974
920,2084.12834519,1.011891682
921,2084.14877707,1.012132812
922,2084.16920885,1.014495027
923,2084.18964063,1.016845054
924,2084.21007241,1.017754267
925,2084.23050419,1.016276993
926,2084.29179953,1.015310236
927,2084.31223131,1.014284524
928,2084.33266308,1.013446448
929,2084.35309486,1.013883991
930,2084.37352664,1.014432245
931,2084.39395841,1.014186314
932,2084.41439019,1.015392237
933,2084.43482207,1.017032084
934,2084.45525374,1.017054064
935,2084.47568552,1.015586435
936,2084.4961174,1.01397394
937,2084.51654907,1.014888412
938,2084.53698085,1.015663015
939,2084.55741272,1.014594726
940,2084.5778444,1.013380117
941,2084.59827617,1.013744239
942,2084.61870805,1.015068757
943,2084.63913972,1.017638812
944,2084.65957149,1.014614635
945,2084.68000337,1.013158015
946,2084.70043504,1.011058517
947,2084.72086691,1.008813052
948,2084.802594,1.009892948
949,2084.82302577,1.009592306
950,2084.84345754,1.008856828
951,2084.86388932,1.008493283
952,2084.88432109,1.007323344
953,2084.90475296,1.00707741
954,2084.92518463,1.005993248
955,2084.9456164,1.005735794
956,2084.96604827,1.008967427
957,2085.00691171,1.004707493
958,2085.02734357,1.005983626
959,2085.04777524,1.007898358
960,2085.06820701,1.006796085
961,2085.08863888,1.00544327
962,2085.10907055,1.004323536
963,2085.12950241,1.004831357
964,2085.14993408,1.00440977
965,2085.17036585,1.005866632
966,2085.19079772,1.007920986
967,2085.21122938,1.006422924
968,2085.23166115,1.005208478
969,2085.27252478,1.003795478
970,2085.29295645,1.004408881
971,2085.31338831,1.003195783
972,2085.33382008,1.0032416
973,2085.35425174,1.003357715
974,2085.37468361,1.005569598
975,2085.39511537,1.006714089
976,2085.41554704,1.008247421
977,2085.4359789,1.004995722
978,2085.45641066,1.004460468
979,2085.51770595,1.002577408
980,2085.53813781,1.002604149
981,2085.55856948,1.002431598
982,2085.57900124,1.002575085
983,2085.5994331,1.002905799
984,2085.61986476,1.003940705
985,2085.64029652,1.002956656
986,2085.66072838,1.003318208
987,2085.68116004,1.002067417
988,2085.70159181,1.001003023
989,2085.76288708,1.000568976
990,2085.78331894,0.999884286
991,2085.8037507,0.999206161
992,2085.82418246,0.999369799
993,2085.84461422,1.00107367
994,2085.86504588,1.000433611
995,2085.88547774,0.998727493
996,2085.9059095,0.995631494
997,2085.92634115,0.994217635
998,2085.94677301,0.995902658
999,2085.96720477,0.994694881
1000,2085.98763642,0.994893279
1001,2086.00806828,0.994841822
1002,2086.02850004,0.995133019
1003,2086.04893169,0.995137372
1004,2086.06936355,0.993432055
1005,2086.08979531,0.992553312
1006,2086.11022706,0.990709347
1007,2086.13065882,0.990067104
1008,2086.15109057,0.990879679
1009,2086.17152233,0.991701589
1010,2086.19195408,0.988874282
1011,2086.25324944,0.986669137
1012,2086.2736811,0.985702618
1013,2086.29411295,0.985189332
1014,2086.3145447,0.98430186
1015,2086.33497635,0.984339866
1016,2086.35540821,0.983948479
1017,2086.37583996,0.984023696
1018,2086.39627161,0.983554754
1019,2086.41670346,0.985343672
1020,2086.43713522,0.987779561
1021,2086.45756687,0.987445955
1022,2086.47799872,0.988780774
1023,2086.49843047,0.989358299
1024,2086.51886212,0.988740093
1025,2086.53929397,0.988524946
1026,2086.55972562,0.988152082
1027,2086.58015747,0.98751382
1028,2086.60058922,0.987911373
1029,2086.62102097,0.986604619
1030,2086.64145272,0.985464326
1031,2086.66188447,0.987589625
1032,2086.68231621,0.989938382
1033,2086.74361146,0.984750274
1034,2086.76404321,0.985463317
1035,2086.78447495,0.988022683
1036,2086.8049067,0.989829662
1037,2086.82533855,0.989602593
1038,2086.84577019,0.990396011
1039,2086.86620194,0.990765357
1040,2086.88663379,0.990090607
1041,2086.90706543,0.990339151
1042,2086.92749728,0.990569358
1043,2086.94792902,0.991589603
1044,2086.96836067,0.993683391
1045,2086.98879251,0.993247857
1046,2087.00922426,0.992737714
1047,2087.0296559,0.993810324
1048,2087.05008775,0.994745288
1049,2087.07051949,0.995973864
1050,2087.09095123,0.996530958
1051,2087.11138298,0.998610427
1052,2087.13181472,0.997871713
1053,2087.15224647,0.99719203
1054,2087.17267821,0.997490924
1055,2087.23397343,1.000636664
1056,2087.25440518,1.002210235
1057,2087.27483702,1.002373609
1058,2087.29526866,1.000525604
1059,2087.3157004,1.0003342
1060,2087.33613224,1.001271885
1061,2087.35656388,1.00303126
1062,2087.37699562,1.00338924
1063,2087.39742746,1.003749434
1064,2087.4178591,1.004862191
1065,2087.43829084,1.005287905
1066,2087.45872268,1.006151802
1067,2087.47915432,1.006864105
1068,2087.49958606,1.007075074
1069,2087.5200179,1.007526219
1070,2087.54044954,1.007942423
1071,2087.56088128,1.007261531
1072,2087.58131311,1.008710312
1073,2087.60174475,1.009668706
1074,2087.62217659,1.008140684
1075,2087.64260833,1.003876402
1076,2087.66304006,1.002348235
1077,2087.72433527,0.992665063
1078,2087.74476711,0.993158507
1079,2087.76519875,0.994064643
1080,2087.78563048,0.994196665
1081,2087.80606232,0.993814921
1082,2087.82649395,0.992325227
1083,2087.84692569,0.991808708
1084,2087.86735752,0.991163309
1085,2087.88778916,0.988936897
1086,2087.90822089,0.983621067
1087,2087.92865273,0.981029088
1088,2087.94908436,0.978818112
1089,2087.96951609,0.979523647
1090,2087.98994783,0.979678865
1091,2088.01037956,0.977015496
1092,2088.03081139,0.976137707
1093,2088.05124303,0.976258337
1094,2088.07167476,0.978290723
1095,2088.09210659,0.981444403
1096,2088.11253832,0.980118802
1097,2088.13296995,0.979975615
1098,2088.15340178,0.982313686
1099,2088.21469698,0.976408585
1100,2088.23512871,0.976501173
1101,2088.25556034,0.975070142
1102,2088.27599217,0.972538754
1103,2088.2964239,0.968544452
1104,2088.31685553,0.968302078
1105,2088.33728736,0.965053093
1106,2088.35771909,0.964749563
1107,2088.37815092,0.964101405
1108,2088.39858255,0.966309159
1109,2088.41901427,0.968948293
1110,2088.4394461,0.96925082
1111,2088.45987773,0.969097662
1112,2088.48030946,0.969387922
1113,2088.50074129,0.969277959
1114,2088.52117292,0.968179763
1115,2088.54160464,0.96672734
1116,2088.56203647,0.967339161
1117,2088.5824682,0.973157673
1118,2088.60289982,0.979249686
1119,2088.62333165,0.98182485
1120,2088.64376338,0.980981966
1121,2088.68462683,0.977642308
1122,2088.70505855,0.97863206
1123,2088.72549028,0.979478091
1124,2088.745922,0.979486177
1125,2088.76635363,0.981829414
1126,2088.78678545,0.985884625
1127,2088.80721718,0.989101705
1128,2088.8276488,0.991336264
1129,2088.84808062,0.99628816
1130,2088.86851235,0.998311193
1131,2088.88894397,1.000626524
1132,2088.90937579,1.002143941
1133,2088.92980752,1.004916283
1134,2088.95023924,1.008477298
1135,2088.97067096,1.01042842
1136,2088.99110269,1.010575058
1137,2089.01153441,1.011569162
1138,2089.03196613,1.013637148
1139,2089.05239785,1.016408899
1140,2089.07282967,1.020873235
1141,2089.09326139,1.01914692
1142,2089.11369302,1.020086174
1143,2089.13412484,1.019248565
1144,2089.19542,1.018219238
1145,2089.21585172,1.020148981
1146,2089.23628334,1.021658432
1147,2089.25671516,1.021386801
1148,2089.27714688,1.021252765
1149,2089.29757849,1.020784635
1150,2089.31801031,1.021600624
1151,2089.33844203,1.023081691
1152,2089.35887365,1.024065863
1153,2089.37930547,1.024523098
1154,2089.39973709,1.023462081
1155,2089.42016891,1.022421993
1156,2089.44060062,1.023314992
1157,2089.46103224,1.02348073
1158,2089.48146406,1.022017835
1159,2089.50189577,1.021740924
1160,2089.52232749,1.021414682
1161,2089.54275921,1.020754383
1162,2089.56319092,1.020415183
1163,2089.58362264,1.019745541
1164,2089.60405435,1.020425109
1165,2089.62448607,1.02089716
1166,2089.70621293,1.016098075
1167,2089.72664475,1.016662073
1168,2089.74707636,1.016354971
1169,2089.76750817,1.015533339
1170,2089.78793989,1.01747283
1171,2089.8083715,1.017156819
1172,2089.82880332,1.017061482
1173,2089.84923503,1.017087206
1174,2089.86966664,1.017267556
1175,2089.89009845,1.017117739
1176,2089.91053017,1.018062122
1177,2089.93096188,1.016535348
1178,2089.95139359,1.017206152
1179,2089.9718253,1.018297082
1180,2089.99225702,1.017692651
1181,2090.01268873,1.018786962
1182,2090.03312044,1.021744644
1183,2090.05355215,1.021897961
1184,2090.07398386,1.021315603
1185,2090.09441557,1.021233403
1186,2090.11484738,1.020673449
1187,2090.13527899,1.02084905
1188,2090.1557107,1.020214207
1189,2090.17614251,1.019894049
1190,2090.19657412,1.019429325
1191,2090.21700583,1.019444342
1192,2090.23743764,1.02067447
1193,2090.25786925,1.020711394
1194,2090.27830096,1.020117889
1195,2090.29873277,1.01741789
1196,2090.31916438,1.016798916
1197,2090.33959608,1.016249263
1198,2090.36002789,1.01605374
1199,2090.42132301,1.013184758
1200,2090.44175462,1.012395988
1201,2090.46218643,1.009552096
1202,2090.48261814,1.008594731
1203,2090.50304984,1.008071941
1204,2090.52348155,1.010338775
1205,2090.54391326,1.012162748
1206,2090.56434496,1.011210181
1207,2090.58477667,1.009568557
1208,2090.60520837,1.007952387
1209,2090.62564008,1.00618883
1210,2090.64607188,1.004566775
1211,2090.66650349,1.004630285
1212,2090.68693519,1.003723412
1213,2090.707367,1.003792683
1214,2090.7277986,1.004128387
1215,2090.74823031,1.003376997
1216,2090.76866211,1.002620592
1217,2090.78909371,1.003348968
1218,2090.80952552,1.002424763
1219,2090.82995722,1.002567571
1220,2090.85038882,1.000738553
1221,2090.87082063,0.999711127
1222,2090.89125223,0.999185898
1223,2090.91168393,0.998603123
1224,2090.93211573,0.997830625
1225,2090.95254734,0.995525619
1226,2090.97297904,0.995651575
1227,2090.99341084,0.995066818
1228,2091.01384254,0.994224281
1229,2091.03427414,1.002657696
1230,2091.05470594,0.995809841
1231,2091.07513764,0.992652652
1232,2091.09556935,0.993583288
1233,2091.15686455,0.972568537
1234,2091.17729615,0.97326427
1235,2091.19772785,0.977938834
1236,2091.21815965,0.982454009
1237,2091.23859124,0.981678635
1238,2091.25902294,0.982211267
1239,2091.27945474,0.984839448
1240,2091.29988634,0.985942894
1241,2091.32031804,0.984446505
1242,2091.34074984,0.98569592
1243,2091.36118144,0.988777889
1244,2091.38161313,0.988599702
1245,2091.40204493,0.98598745
1246,2091.42247653,0.984984093
1247,2091.44290833,0.985815113
1248,2091.46334002,0.985578714
1249,2091.48377172,0.984733805
1250,2091.50420342,0.983692575
1251,2091.52463511,0.982263504
1252,2091.54506681,0.982450978
1253,2091.56549851,0.981223858
1254,2091.5859302,0.981368573
1255,2091.64722529,0.984520938
1256,2091.66765689,0.98534699
1257,2091.68808868,0.98559359
1258,2091.70852038,0.985431812
1259,2091.72895197,0.98547249
1260,2091.74938376,0.984822182
1261,2091.76981546,0.985317371
1262,2091.79024725,0.983029317
1263,2091.81067885,0.985590295
1264,2091.83111054,0.987025446
1265,2091.89240562,0.988780574
1266,2091.91283741,0.988361732
1267,2091.93326901,0.988070315
1268,2091.9537007,0.988418516
1269,2091.97413249,0.986176501
1270,2091.99456418,0.986206737
1271,2092.01499577,0.986270954
1272,2092.03542757,0.985006661
1273,2092.05585926,0.987399939
1274,2092.07629085,0.987080062
1275,2092.09672264,0.98736874
1276,2092.11715433,0.987590389
1277,2092.13758612,0.987647478
1278,2092.15801771,0.987900054
1279,2092.1784494,0.988156466
1280,2092.19888119,0.988255009
1281,2092.21931278,0.988935141
1282,2092.23974447,0.98999691
1283,2092.26017616,0.987983103
1284,2092.28060785,0.986924198
1285,2092.30103944,0.987313296
1286,2092.32147123,0.988256808
1287,2092.34190292,0.988011895
1288,2092.36233461,0.987574613
1289,2092.3827663,0.98698799
1290,2092.40319799,0.987450754
1291,2092.42362977,0.988398385
1292,2092.44406136,0.993399259
1293,2092.46449305,0.991802968
1294,2092.48492484,0.990794816
1295,2092.50535653,0.992392533
1296,2092.52578811,0.993105414
1297,2092.5462199,0.996194839
1298,2092.56665159,1.001986477
1299,2092.62794665,1.013770257
1300,2092.64837823,1.01323057
1301,2092.66881002,1.007550134
1302,2092.6892417,1.005753664
1303,2092.70967329,1.000867178
1304,2092.73010508,0.999395406
1305,2092.75053676,0.997729052
1306,2092.77096855,0.996024334
1307,2092.79140013,0.99617289
1308,2092.81183182,0.998379738
1309,2092.8322636,0.998185989
1310,2092.85269518,0.99694411
1311,2092.87312687,0.996835467
1312,2092.89355865,0.99636573
1313,2092.91399024,0.997094467
1314,2092.93442192,0.995690509
1315,2092.9548537,0.998029236
1316,2092.97528539,0.998746947
1317,2092.99571697,0.99963549
1318,2093.01614875,0.999413203
1319,2093.03658034,0.99974078
1320,2093.05701202,1.00031863
1321,2093.0774438,1.000917953
1322,2093.09787538,1.000780871
1323,2093.11830716,1.002267844
1324,2093.13873885,1.002563296
1325,2093.15917043,1.00221837
1326,2093.17960221,1.002771823
1327,2093.20003389,1.002097319
1328,2093.22046547,1.002483996
1329,2093.24089725,1.001262923
1330,2093.26132893,1.001826875
1331,2093.28176051,1.001900772
1332,2093.30219229,1.002763919
1333,2093.32262397,1.002644514
1334,2093.34305565,1.002040253
1335,2093.36348733,1.003235714
1336,2093.38391901,1.004678611
1337,2093.40435079,1.005577532
1338,2093.42478237,1.004224108
1339,2093.44521405,1.004560024
1340,2093.46564583,1.004648069
1341,2093.48607751,1.004734438
1342,2093.50650909,1.00605755
1343,2093.52694087,1.005488565
1344,2093.54737255,1.00473395
1345,2093.60866758,1.007257989
1346,2093.62909916,1.007189897
1347,2093.64953093,1.006653173
1348,2093.66996261,1.006547106
1349,2093.69039419,1.003706301
1350,2093.71082596,1.003693665
1351,2093.73125764,1.003431252
1352,2093.75168932,1.003099956
1353,2093.772121,1.002751198
1354,2093.79255257,1.001667198
1355,2093.81298435,1.002788548
1356,2093.83341602,1.002892839
1357,2093.8538477,1.00312721
1358,2093.87427937,1.000917887
1359,2093.89471105,1.000372557
1360,2093.91514272,1.001565875
1361,2093.9355744,1.00356824
1362,2093.95600607,1.003384517
1363,2093.97643775,1.003801046
1364,2093.99686942,1.004309352
1365,2094.0173011,1.004137444
1366,2094.03773287,1.003256898
1367,2094.05816455,1.003025325
1368,2094.07859612,1.001831225
1369,2094.09902789,1.002360521
1370,2094.11945957,1.003467208
1371,2094.13989114,1.005076913
1372,2094.16032291,1.005919958
1373,2094.18075459,1.005290479
1374,2094.20118616,1.00759875
1375,2094.22161793,1.007187043
1376,2094.2420496,1.008982174
1377,2094.26248118,1.008903448
1378,2094.28291295,1.00723711
1379,2094.30334462,1.007563971
1380,2094.32377639,1.007676424
1381,2094.34420796,1.009049808
1382,2094.36463964,1.009772863
1383,2094.38507131,1.009471327
1384,2094.40550298,1.00962561
1385,2094.42593465,1.008551453
1386,2094.44636632,1.007752177
1387,2094.46679799,1.00746176
1388,2094.48722966,1.007057586
1389,2094.50766133,1.007049576
1390,2094.528093,1.007609264
1391,2094.58938801,1.011216241
1392,2094.60981968,1.011690164
1393,2094.63025145,1.011005058
1394,2094.65068302,1.007812065
1395,2094.67111479,1.006201191
1396,2094.69154646,1.006301978
1397,2094.71197803,1.006359737
1398,2094.73240979,1.007293034
1399,2094.75284146,1.0092222
1400,2094.77327303,1.010641917
1401,2094.7937048,1.012436421
1402,2094.81413647,1.011935747
1403,2094.83456803,1.011529705
1404,2094.8549998,1.011627648
1405,2094.87543147,1.011895913
1406,2094.89586314,1.012789623
1407,2094.9162948,1.014933441
1408,2094.93672647,1.014515056
1409,2094.95715824,1.015751381
1410,2094.9775898,1.016306185
1411,2094.99802147,1.015599353
1412,2095.01845323,1.014954323
1413,2095.0388849,1.013686453
1414,2095.05931647,1.014604169
1415,2095.07974823,1.016887942
1416,2095.1001799,1.016062439
1417,2095.12061146,1.015306214
1418,2095.14104323,1.015128622
1419,2095.16147479,1.015280799
1420,2095.18190646,1.016935365
1421,2095.20233822,1.016074866
1422,2095.22276979,1.014100127
1423,2095.24320155,1.014665843
1424,2095.26363322,1.01549669
1425,2095.32492821,1.014814235
1426,2095.34535977,1.015133339
1427,2095.36579154,1.016147358
1428,2095.3862232,1.016074461
1429,2095.40665486,1.015169073
1430,2095.42708653,1.015737271
1431,2095.44751819,1.014842032
1432,2095.46794985,1.011464593
1433,2095.48838152,1.01162455
1434,2095.50881318,1.019615563
1435,2095.57010816,1.013707681
1436,2095.59053993,1.012959737
1437,2095.61097159,1.01317868
1438,2095.63140315,1.01030582
1439,2095.65183491,1.008723036
1440,2095.67226657,1.006812454
1441,2095.69269813,1.006640355
1442,2095.71312989,1.007715267
1443,2095.73356156,1.008833048
1444,2095.75399312,1.007243545
1445,2095.77442488,1.009313854
1446,2095.79485654,1.008845459
1447,2095.8152881,1.008807796
1448,2095.83571986,1.007354685
1449,2095.85615152,1.005244082
1450,2095.87658318,1.005773466
1451,2095.89701484,1.006724274
1452,2095.9174465,1.006371302
1453,2095.93787815,1.008568245
1454,2095.95830981,1.010326679
1455,2095.97874147,1.008652908
1456,2095.99917313,1.008517482
1457,2096.01960479,1.009021242
1458,2096.04003645,1.009348818
1459,2096.06046821,1.009051966
1460,2096.08089977,1.0055533
1461,2096.10133142,1.005108197
1462,2096.12176318,1.004957099
1463,2096.14219474,1.004817781
1464,2096.1626265,1.004147194
1465,2096.18305815,1.003137885
1466,2096.20348971,1.003174517
1467,2096.22392147,1.002660946
1468,2096.24435313,1.000426715
1469,2096.26478468,0.998017582
1470,2096.28521644,0.996584697
1471,2096.3056481,0.996055376
1472,2096.32607965,0.995039785
1473,2096.34651141,0.995115937
1474,2096.36694307,0.994331367
1475,2096.38737472,0.995869329
1476,2096.40780638,0.997732859
1477,2096.42823803,0.997510498
1478,2096.44866979,0.995619706
1479,2096.46910135,0.995673511
1480,2096.489533,0.993706402
1481,2096.55082796,0.992724791
1482,2096.57125972,0.991600431
1483,2096.59169127,0.990237127
1484,2096.61212293,0.985804879
1485,2096.63255468,0.98270669
1486,2096.65298624,0.981394969
1487,2096.67341789,0.981539759
1488,2096.69384965,0.981538537
1489,2096.7142812,0.982721579
1490,2096.73471295,0.984810045
1491,2096.75514461,0.985968832
1492,2096.77557616,0.987798226
1493,2096.79600791,0.988055594
1494,2096.81643957,0.985851524
1495,2096.83687112,0.983580043
1496,2096.85730287,0.984144087
1497,2096.87773453,0.985461308
1498,2096.89816618,0.984888388
1499,2096.91859783,0.986751154
1500,2096.93902948,0.987678966
1501,2096.95946113,0.988752988
1502,2096.97989279,0.990930323
1503,2097.00032444,0.99057235
1504,2097.02075619,0.991304973
1505,2097.04118784,0.991884973
1506,2097.06161939,0.991465456
1507,2097.08205114,0.991833978
1508,2097.10248279,0.992245921
1509,2097.12291435,0.990911099
1510,2097.1433461,0.991023082
1511,2097.16377775,0.991505129
1512,2097.1842093,0.992694608
1513,2097.20464105,0.993145726
1514,2097.2250727,0.994233571
1515,2097.24550425,0.995077243
1516,2097.265936,0.995111836
1517,2097.28636755,0.996473287
1518,2097.3067992,0.996892752
1519,2097.32723095,0.99428732
1520,2097.3476625,0.993509658
1521,2097.36809425,0.990984021
1522,2097.3885259,0.989980536
1523,2097.40895754,0.989113443
1524,2097.42938919,0.991510727
1525,2097.44982084,0.993272747
1526,2097.47025249,0.996126471
1527,2097.55197918,0.992439229
1528,2097.57241073,0.991032946
1529,2097.59284238,0.991240313
1530,2097.61327413,0.991558558
1531,2097.63370568,0.990437226
1532,2097.65413742,0.99224405
1533,2097.67456907,0.994691125
1534,2097.69500062,0.996819063
1535,2097.71543237,0.997957946
1536,2097.73586401,0.997638788
1537,2097.75629556,0.998927322
1538,2097.7767273,1.000444419
1539,2097.79715895,0.998076767
1540,2097.8175905,0.997432467
1541,2097.83802224,0.9982121
1542,2097.85845389,0.997519827
1543,2097.87888554,0.997932367
1544,2097.89931718,0.997646008
1545,2097.91974883,0.99822782
1546,2097.94018047,0.999706344
1547,2097.96061212,1.000554756
1548,2097.98104376,0.998194852
1549,2098.00147541,0.996775527
1550,2098.02190706,0.99730536
1551,2098.0423387,0.997434715
1552,2098.06277034,0.997443085
1553,2098.08320199,0.999013953
1554,2098.10363363,0.997588082
1555,2098.12406538,0.998130709
1556,2098.14449692,0.999288882
1557,2098.16492857,0.998095474
1558,2098.18536031,0.999284033
1559,2098.20579186,1.001723257
1560,2098.26708679,0.998754199
1561,2098.28751853,0.997577009
1562,2098.30795017,0.99350723
1563,2098.32838172,0.993099256
1564,2098.34881346,0.99405497
1565,2098.3692451,0.994157108
1566,2098.38967675,0.99708706
1567,2098.41010839,0.997683142
1568,2098.43054003,0.99853397
1569,2098.45097167,1.000408893
1570,2098.47140332,1.00009537
1571,2098.49183496,1.00636596
1572,2098.5122667,1.004795023
1573,2098.53269824,1.00335085
1574,2098.55312989,1.000029452
1575,2098.57356163,0.998569371
1576,2098.59399327,0.996017544
1577,2098.61442481,0.993710297
1578,2098.63485655,0.991147709
1579,2098.65528809,0.990476148
1580,2098.67571973,0.990530918
1581,2098.69615147,0.989410764
1582,2098.71658302,0.989417794
1583,2098.73701466,0.989819107
1584,2098.7574464,0.987127923
1585,2098.77787794,0.984645
1586,2098.79830968,0.98027685
1587,2098.81874132,0.980637447
1588,2098.83917286,0.977531331
1589,2098.8596046,0.976825308
1590,2098.88003624,0.975838793
1591,2098.90046778,0.975523434
1592,2098.92089952,0.975236315
1593,2098.94133116,0.974786769
1594,2098.9617628,0.97786335
1595,2098.98219444,0.975984524
1596,2099.00262608,0.977306621
1597,2099.02305772,0.978715658
1598,2099.04348945,0.981858148
1599,2099.06392099,0.983880274
1600,2099.08435273,0.985540164
1601,2099.10478437,0.985802643
1602,2099.12521591,0.98715889
1603,2099.14564765,0.986901026
1604,2099.16607929,0.985895748
1605,2099.18651082,0.985194195
1606,2099.20694256,0.983761369
1607,2099.2273742,0.983978419
1608,2099.24780574,0.984622059
1609,2099.26823748,0.98580905
1610,2099.28866911,0.987191684
1611,2099.30910065,0.988476341
1612,2099.32953239,0.98764604
1613,2099.34996403,0.988103077
1614,2099.37039566,0.989435501
1615,2099.3908273,0.990926506
1616,2099.41125894,0.989973746
1617,2099.43169057,0.990196603
1618,2099.49298548,0.991338439
1619,2099.51341712,0.990835874
1620,2099.53384876,0.992126942
1621,2099.55428039,0.992533993
1622,2099.57471203,0.993264822
1623,2099.59514376,0.996660096
1624,2099.6155754,0.996753611
1625,2099.63600693,0.996909755
1626,2099.65643867,0.997370407
1627,2099.67687031,0.998565022
1628,2099.69730184,0.998902506
1629,2099.71773358,0.999582106
1630,2099.73816521,0.999617688
1631,2099.75859675,0.998782401
1632,2099.77902848,0.99918844
1633,2099.79946012,0.99859215
1634,2099.81989165,1.000193936
1635,2099.84032339,1.001553362
1636,2099.86075502,1.001766453
1637,2099.88118675,1.002790082
1638,2099.90161829,1.004475282
1639,2099.92204992,1.003512317
1640,2099.98334483,1.005060116
1641,2100.00377656,1.00499509
1642,2100.02420809,1.003749422
1643,2100.04463973,1.002512099
1644,2100.06507136,1.001879939
1645,2100.08550299,1.00198073
1646,2100.10593463,1.004104267
1647,2100.12636636,1.01026708
1648,2100.14679789,1.008034701
1649,2100.16722963,1.007066909
1650,2100.18766126,1.007054499
1651,2100.20809279,1.005344761
1652,2100.22852452,1.004607794
1653,2100.24895616,1.004311115
1654,2100.26938769,1.004269953
1655,2100.28981942,1.005422971
1656,2100.31025105,1.00589368
1657,2100.33068258,1.005239116
1658,2100.35111432,1.004642686
1659,2100.37154595,1.004339732
1660,2100.39197748,1.002842484
1661,2100.41240921,1.002597933
1662,2100.43284084,1.003807953
1663,2100.45327258,1.004497228
1664,2100.47370411,1.00297031
1665,2100.49413574,1.002009486
1666,2100.51456747,1.000872897
1667,2100.534999,1.002779524
1668,2100.55543063,1.003330137
1669,2100.57586236,1.003614325
1670,2100.59629399,1.002636496
1671,2100.61672552,1.002820822
1672,2100.63715725,1.002680554
1673,2100.65758889,1.001463936
1674,2100.67802041,1.000568191
1675,2100.69845214,1.000824841
1676,2100.71888377,1.001656078
1677,2100.7393155,1.001196829
1678,2100.75974704,1.000028389
1679,2100.78017867,1.000424402
1680,2100.80061029,0.99989851
1681,2100.82104192,0.99978213
1682,2100.84147345,1.000344941
1683,2100.86190518,1.001112632
1684,2100.88233681,1.002746177
1685,2100.90276834,1.002418861
1686,2100.92320007,1.003729572
1687,2100.9436317,1.003112424
1688,2100.96406333,1.001599056
1689,2100.98449496,1.000878484
1690,2101.00492659,1.00148793
1691,2101.02535832,1.001264392
1692,2101.04578984,1.001434521
1693,2101.06622147,1.000360556
1694,2101.0866532,0.999951094
1695,2101.10708483,0.999215409
1696,2101.12751636,1.001100832
1697,2101.14794809,1.000884565
1698,2101.16837971,1.000841903
1699,2101.18881124,1.000580493
1700,2101.20924297,1.001255302
1701,2101.2296746,1.001202196
1702,2101.25010633,1.000236397
1703,2101.27053785,0.999061284
1704,2101.29096948,0.99805558
1705,2101.31140121,0.998865596
1706,2101.33183273,0.998404881
1707,2101.35226436,0.997279335
1708,2101.37269609,0.996146834
1709,2101.39312762,0.996047275
1710,2101.4544225,0.997090433
1711,2101.47485412,0.99611786
1712,2101.49528575,0.995769975
1713,2101.51571738,0.996095441
1714,2101.5361491,0.994096927
1715,2101.55658063,0.994743624
1716,2101.57701226,0.995081343
1717,2101.59744398,0.995131541
1718,2101.61787551,0.994284669
1719,2101.63830713,0.994125984
1720,2101.65873886,0.993574621
1721,2101.67917049,0.993018887
1722,2101.69960201,0.994012885
1723,2101.72003374,0.994296121
1724,2101.74046536,0.995211246
1725,2101.76089689,0.99557568
1726,2101.78132861,0.991489368
1727,2101.80176024,0.991555706
1728,2101.82219196,0.99000991
1729,2101.84262349,0.989704721
1730,2101.86305511,0.989082307
1731,2101.88348684,0.98815868
1732,2101.90391836,0.989630489
1733,2101.92434999,0.991239362
1734,2101.94478171,0.991622728
1735,2101.96521324,0.989655556
1736,2101.98564486,0.989699478
1737,2102.00607658,0.990189162
1738,2102.02650811,0.991562504
1739,2102.04693983,0.992489369
1740,2102.06737146,0.990250994
1741,2102.08780308,0.987945134
1742,2102.10823471,0.988026774
1743,2102.12866633,0.987420187
1744,2102.14909795,0.98802621
1745,2102.16952958,0.989728986
1746,2102.1899612,0.98588508
1747,2102.21039272,0.985387033
1748,2102.23082445,0.986101745
1749,2102.25125607,0.987192921
1750,2102.27168759,0.987270025
1751,2102.29211932,0.986387861
1752,2102.31255094,0.987722047
1753,2102.33298266,0.987186876
1754,2102.35341419,0.985281889
1755,2102.37384581,0.985907594
1756,2102.39427753,0.984306531
1757,2102.41470906,0.982980131
1758,2102.43514068,0.983653711
1759,2102.4555724,0.984698507
1760,2102.47600392,0.984035401
1761,2102.49643555,0.984403476
1762,2102.51686727,0.984368827
1763,2102.53729879,0.984043115
1764,2102.55773041,0.982804858
1765,2102.57816213,0.981274548
1766,2102.59859375,0.982245776
1767,2102.61902538,0.982267162
1768,2102.639457,0.980624265
1769,2102.65988862,0.980955744
1770,2102.68032024,0.979043925
1771,2102.70075186,0.978574258
1772,2102.72118348,0.978444649
1773,2102.74161521,0.978701138
1774,2102.76204673,0.979137968
1775,2102.78247835,0.977403801
1776,2102.80290997,0.975848771
1777,2102.82334159,0.976369097
1778,2102.84377331,0.975341587
1779,2102.86420493,0.976047626
1780,2102.88463645,0.977806305
1781,2102.90506818,0.978315819
1782,2102.9254997,0.980191608
1783,2102.94593132,0.980639989
1784,2102.96636304,0.979993323
1785,2102.98679456,0.980663902
1786,2103.00722618,0.980945621
1787,2103.0276579,0.979495185
1788,2103.04808942,0.980015574
1789,2103.06852104,0.981255813
1790,2103.08895276,0.98149399
1791,2103.10938438,0.981308791
1792,2103.129816,0.980604898
1793,2103.15024762,0.978600391
1794,2103.17067924,0.977729651
1795,2103.19111086,0.976571248
1796,2103.21154248,0.976170254
1797,2103.2319741,0.976196026
1798,2103.25240572,0.979004973
1799,2103.27283734,0.980799119
1800,2103.29326896,0.98296862
1801,2103.31370068,0.983046393
1802,2103.3341322,0.984014265
1803,2103.35456381,0.983723913
1804,2103.41585877,0.983870581
1805,2103.43629039,0.98291003
1806,2103.45672191,0.983033091
1807,2103.47715363,0.985446046
1808,2104.09010216,0.955092339
1809,2104.11053388,0.949071408
1810,2104.1309655,0.94821974
1811,2104.15139721,0.944605776
1812,2104.17182873,0.943670474
1813,2104.19226034,0.942231173
1814,2104.21269196,0.941643491
1815,2104.23312358,0.945188083
1816,2104.25355519,0.942303186
1817,2104.27398681,0.937026862
1818,2104.29441843,0.929510309
1819,2104.31485004,0.924094022
1820,2104.33528176,0.919292632
1821,2104.37614489,0.92175863
1822,2104.39657661,0.918935859
1823,2104.41700812,0.914151426
1824,2104.43743984,0.909122593
1825,2104.45787145,0.903514659
1826,2104.47830297,0.897458024
1827,2104.49873469,0.894214605
1828,2104.5191663,0.89195594
1829,2104.53959782,0.896111725
1830,2104.56002953,0.901988399
1831,2104.58046115,0.907555554
1832,2104.62132438,0.915184819
1833,2104.64175599,0.912850251
1834,2104.66218771,0.911375326
1835,2104.68261922,0.911861702
1836,2104.70305084,0.912700079
1837,2104.74391407,0.911519614
1838,2104.76434568,0.91004092
1839,2104.82564053,0.916798274
1840,2104.88693547,0.912191044
1841,2104.90736709,0.911329788
1842,2104.9277987,0.909756939
1843,2104.94823031,0.906405118
1844,2104.96866193,0.903787863
1845,2104.98909344,0.903258753
1846,2105.00952516,0.906104689
1847,2105.02995677,0.909287471
1848,2105.05038829,0.914716628
1849,2105.07082,0.916916925
1850,2105.11168313,0.926829735
1851,2105.13211484,0.924258211
1852,2105.2138413,0.908620681
1853,2105.23427301,0.904600765
1854,2105.25470452,0.903831487
1855,2105.27513614,0.906473893
1856,2105.29556785,0.911203642
1857,2105.31599947,0.916762167
1858,2105.49988398,0.951249556
1859,2105.5203157,0.961508719
1860,2105.58161054,0.97835595
1861,2105.60204205,0.989674065
1862,2105.62247376,1.009830592
1863,2105.72463173,1.463088901
1864,2105.74506344,1.53648629
1865,2105.76549495,1.724670558
1866,2105.86765311,1.151137648
1867,2106.0106744,1.008126872
1868,2106.03110611,1.002729872
1869,2106.05153762,1.002254921
1870,2106.09240094,1.000403834
1871,2106.11283246,0.997991993
1872,2106.13326417,0.996827501
1873,2106.15369578,0.996174967
1874,2106.17412729,0.994503543
1875,2106.194559,0.995349379
1876,2106.21499061,0.995368726
1877,2106.23542212,0.995884814
1878,2106.25585384,0.996034286
1879,2106.27628545,0.995296707
1880,2106.29671706,0.99485049
1881,2106.33758028,0.996932527
1882,2106.35801189,0.993347289
1883,2106.37844351,0.989869838
1884,2106.39887512,0.992817922
1885,2106.41930673,0.992447673
1886,2106.43973834,0.990614611
1887,2106.46016995,0.990069091
1888,2106.48060156,0.989958092
1889,2106.50103317,0.98924854
1890,2106.52146478,0.99127815
1891,2106.54189649,0.990891699
1892,2106.58275972,0.993167859
1893,2106.60319133,0.989790966
1894,2106.62362284,0.989074962
1895,2106.64405455,0.989174363
1896,2106.66448616,0.990234685
1897,2106.68491767,0.989109172
1898,2106.70534938,0.988090685
1899,2106.72578099,0.987967518
1900,2106.7462125,0.985924547
1901,2106.76664421,0.983891978
1902,2106.78707582,0.983988803
1903,2106.82793904,0.983116434
1904,2106.84837065,0.982290459
1905,2106.86880236,0.983471218
1906,2106.88923387,0.981960846
1907,2106.90966549,0.980815046
1908,2106.9300972,0.980181872
1909,2106.95052871,0.979871778
1910,2106.97096031,0.979843483
1911,2106.99139203,0.979544754
1912,2107.01182364,0.981199482
1913,2107.03225525,0.979629933
1914,2107.07311837,0.975785229
1915,2107.09355008,0.975936657
1916,2107.11398169,0.974987832
1917,2107.1344132,0.975099678
1918,2107.15484491,0.973550031
1919,2107.17527652,0.974673225
1920,2107.19570803,0.974205493
1921,2107.21613974,0.974982423
1922,2107.23657135,0.971503999
1923,2107.25700306,0.968231834
1924,2107.27743457,0.967860169
1925,2107.33872939,0.970897256
1926,2107.359161,0.970529534
1927,2107.37959271,0.976676871
1928,2107.40002422,0.981778356
1929,2107.42045583,0.971061281
1930,2107.44088754,0.974278579
1931,2107.46131915,0.977235659
1932,2107.48175076,0.975106531
1933,2107.50218237,0.973183987
1934,2107.52261398,0.969852701
1935,2107.54304559,0.966138613
1936,2107.5634772,0.967280873
1937,2107.58390881,0.967697659
1938,2107.60434052,0.966292598
1939,2107.62477203,0.964531913
1940,2107.64520364,0.965020634
1941,2107.66563535,0.966090145
1942,2107.68606686,0.965845912
1943,2107.70649857,0.968121387
1944,2107.72693008,0.967679233
1945,2107.74736169,0.966075828
1946,2107.76779339,0.965246874
1947,2107.80865651,0.964841152
1948,2107.82908822,0.963700844
1949,2107.84951973,0.964928869
1950,2107.86995134,0.962831485
1951,2107.89038305,0.961802347
1952,2107.91081456,0.96178498
1953,2107.93124617,0.959971788
1954,2107.95167788,0.959949285
1955,2107.97210938,0.95791622
1956,2107.99254109,0.96041684
1957,2108.0129727,0.956155763
1958,2108.05383592,0.961461021
1959,2108.07426753,0.957049057
1960,2108.09469914,0.955582501
1961,2108.11513075,0.955790228
1962,2108.13556236,0.955743142
1963,2108.15599397,0.955554027
1964,2108.17642567,0.956239314
1965,2108.19685718,0.956932716
1966,2108.21728889,0.957805002
1967,2108.2377205,0.957780644
1968,2108.25815201,0.958442398
1969,2108.29901533,0.956229488
1970,2108.31944684,0.956520535
1971,2108.33987854,0.957755766
1972,2108.36031015,0.95810251
1973,2108.38074166,0.958394207
1974,2108.40117337,0.959291699
1975,2108.42160498,0.958452336
1976,2108.44203659,0.959408754
1977,2108.4624682,0.960508089
1978,2108.4828997,0.958993804
1979,2108.50333141,0.956603824
1980,2108.54419463,0.958407285
1981,2108.56462624,0.959330861
1982,2108.58505785,0.958232988
1983,2108.60548946,0.958386962
1984,2108.62592107,0.958402322
1985,2108.64635267,0.959748385
1986,2108.66678438,0.960031069
1987,2108.68721599,0.961228976
1988,2108.7076475,0.960161244
1989,2108.72807921,0.957278598
1990,2108.74851082,0.961127059
1991,2108.78937403,0.961569044
1992,2108.80980564,0.960732659
1993,2108.83023715,0.960344013
1994,2108.85066886,0.960036323
1995,2108.87110047,0.960752416
1996,2108.89153218,0.962804472
1997,2108.91196368,0.965062043
1998,2108.93239529,0.962512525
1999,2108.952827,0.960435743
2000,2108.97325851,0.959459013
2001,2108.99369012,0.956997433
2002,2109.03455333,0.963747586
2003,2109.05498494,0.966070616
2004,2109.07541665,0.965487612
2005,2109.09584816,0.967707751
2006,2109.11627987,0.968484826
2007,2109.13671137,0.967073841
2008,2109.15714298,0.964164357
2009,2109.17757469,0.961685698
2010,2109.1980062,0.958280385
2011,2109.21843781,0.956020554
2012,2109.23886952,0.953614044
2013,2109.30016434,0.968451129
2014,2109.32059595,0.967449432
2015,2109.34102766,0.964734299
2016,2109.36145917,0.966194397
2017,2109.38189077,0.967509601
2018,2109.40232248,0.965948219
2019,2109.42275399,0.965582247
2020,2109.4431856,0.965443135
2021,2109.46361731,0.964510242
2022,2109.48404881,0.966072195
2023,2109.52491213,0.970295767
2024,2109.54534364,0.965797405
2025,2109.56577535,0.962524123
2026,2109.58620696,0.962068745
2027,2109.60663846,0.95964013
2028,2109.62707017,0.957535009
2029,2109.64750178,0.955744231
2030,2109.66793339,0.953202036
2031,2109.688365,0.950643123
2032,2109.7087966,0.948827938
2033,2109.72922821,0.947578539
2034,2109.77009143,0.940716935
2035,2109.79052304,0.935075111
2036,2109.81095475,0.933103302
2037,2109.83138625,0.931612904
2038,2109.85181796,0.928836856
2039,2109.87224947,0.923993087
2040,2109.89268108,0.919700304
2041,2109.91311279,0.914186963
2042,2109.9335443,0.91082387
2043,2109.9539759,0.9061125
2044,2109.97440761,0.898002846
2045,2110.01527083,0.894731383
2046,2110.03570244,0.894958823
2047,2110.05613395,0.89174723
2048,2110.07656565,0.887582837
2049,2110.09699726,0.885521189
2050,2110.11742877,0.881555667
2051,2110.13786048,0.880122248
2052,2110.15829209,0.878739171
2053,2110.17872369,0.878156291
2054,2110.1991553,0.874895592
2055,2110.21958691,0.868454861
2056,2110.26045013,0.865654205
2057,2110.28088174,0.86347418
2058,2110.30131344,0.864049694
2059,2110.32174505,0.864446646
2060,2110.34217656,0.861647543
2061,2110.36260827,0.856107439
2062,2110.38303988,0.846248376
2063,2110.40347148,0.84194222
2064,2110.42390309,0.84144481
2065,2110.4443347,0.8405515
2066,2110.46476631,0.845813754
2067,2110.50562943,0.852264372
2068,2110.52606113,0.852522576
2069,2110.54649274,0.854232566
2070,2110.56692425,0.855755274
2071,2110.58735596,0.859053928
2072,2110.60778757,0.863798696
2073,2110.62821928,0.867080525
2074,2110.64865079,0.872153575
2075,2110.66908239,0.871683726
2076,2110.6895141,0.87604298
2077,2110.70994561,0.879566575
2078,2110.77124044,0.990708617
2079,2110.79167204,0.958546314
2080,2110.81210375,0.926150442
2081,2110.83253526,0.936538367
2082,2110.85296697,0.949378176
2083,2110.87339858,0.946734764
2084,2110.89383019,0.953291218
2085,2110.9142618,0.954108344
2086,2110.9346934,0.954888265
2087,2110.95512501,0.960366989
2088,2110.97555662,0.96617472
2089,2110.99598823,0.96941322
2090,2111.01641984,0.972003679
2091,2111.03685155,0.974672445
2092,2111.05728306,0.977185284
2093,2111.07771477,0.979386505
2094,2111.09814637,0.980299554
2095,2111.11857788,0.976834779
2096,2111.13900959,0.977069255
2097,2111.1594411,0.973330252
2098,2111.17987271,0.97189022
2099,2111.20030442,0.970330059
2100,2111.26159924,0.978561125
2101,2111.28203075,0.980950427
2102,2111.30246246,0.980894979
2103,2111.32289407,0.979954269
2104,2111.34332558,0.979808579
2105,2111.36375729,0.979393954
2106,2111.3841889,0.978570379
2107,2111.40462051,0.980319373
2108,2111.42505212,0.982144486
2109,2111.44548373,0.982606599
2110,2111.48634694,0.983283254
2111,2111.50677855,0.979521408
2112,2111.52721026,0.979013534
2113,2111.54764187,0.97771977
2114,2111.56807338,0.979173833
2115,2111.58850509,0.978203807
2116,2111.6089367,0.976292114
2117,2111.62936821,0.976131657
2118,2111.64979992,0.976006759
2119,2111.67023152,0.975056271
2120,2111.69066324,0.975555999
2121,2111.73152635,0.973156003
2122,2111.75195806,0.974814409
2123,2111.77238957,0.973931666
2124,2111.79282118,0.972658498
2125,2111.81325279,0.972000278
2126,2111.8336844,0.971399913
2127,2111.85411601,0.971321979
2128,2111.87454762,0.971308425
2129,2111.89497923,0.96936218
2130,2111.91541094,0.969464828
2131,2111.93584245,0.963939791
2132,2111.97670577,0.974772837
2133,2111.99713728,0.973107361
2134,2112.01756889,0.965411292
2135,2112.0380006,0.962697476
2136,2112.0584322,0.960708548
2137,2112.07886382,0.959208633
2138,2112.09929543,0.959755647
2139,2112.11972703,0.959061421
2140,2112.14015864,0.95774843
2141,2112.16059025,0.957504033
2142,2112.18102186,0.956983858
2143,2112.22188508,0.965873493
2144,2112.24231669,0.95884014
2145,2112.2627484,0.954509743
2146,2112.28317991,0.952824299
2147,2112.30361162,0.954082482
2148,2112.32404323,0.953326929
2149,2112.34447474,0.952850268
2150,2112.36490645,0.951838963
2151,2112.38533806,0.952424942
2152,2112.40576957,0.953161755
2153,2112.42620128,0.953310515
2154,2112.46706441,0.953877165
2155,2112.48749611,0.949330639
2156,2112.50792773,0.948775036
2157,2112.52835934,0.949577469
2158,2112.54879095,0.94837468
2159,2112.56922256,0.948337679
2160,2112.58965417,0.947552128
2161,2112.61008578,0.9471862
2162,2112.63051739,0.949157125
2163,2112.650949,0.948663199
2164,2112.67138061,0.950919231
2165,2112.71224393,0.951609562
2166,2112.73267544,0.949260543
2167,2112.75310715,0.94675633
2168,2112.77353876,0.947865033
2169,2112.79397027,0.953360933
2170,2112.81440199,0.948911728
2171,2112.83483359,0.95090174
2172,2112.85526511,0.950860231
2173,2112.87569682,0.951183382
2174,2112.89612843,0.944616024
2175,2112.91656014,0.949803174
2176,2112.95742326,0.946358128
2177,2112.97785497,0.948464574
2178,2112.99828648,0.945423735
2179,2113.0187181,0.954149237
2180,2113.03914981,0.948658851
2181,2113.05958132,0.952578769
2182,2113.08001293,0.952723196
2183,2113.10044464,0.953127697
2184,2113.12087615,0.947899269
2185,2113.16173947,0.950758705
2186,2113.24346582,0.941969649
2187,2113.26389753,0.944653743
2188,2113.28432914,0.947172518
2189,2113.30476076,0.948636127
2190,2113.32519237,0.946808806
2191,2113.34562398,0.946864197
2192,2113.36605569,0.947803523
2193,2113.40691882,0.951841603
2194,2113.42735053,0.949658277
2195,2113.44778204,0.951130912
2196,2113.46821365,0.94916846
2197,2113.48864536,0.947715483
2198,2113.50907688,0.950911108
2199,2113.52950859,0.95777196
2200,2113.5499402,0.95196912
2201,2113.57037171,0.951706219
2202,2113.59080342,0.955312346
2203,2113.61123504,0.956653604
2204,2113.63166655,0.954760095
2205,2113.65209826,0.953733723
2206,2113.69296139,0.953546898
2207,2113.7133931,0.949978434
2208,2113.73382471,0.9553636
2209,2113.75425642,0.954972239
2210,2113.77468794,0.953398081
2211,2113.79511955,0.953420192
2212,2113.83598287,0.956317055
2213,2113.85641439,0.95448662
2214,2113.8768461,0.956573094
2215,2113.89727761,0.952658213
2216,2113.93814094,0.9535306
2217,2113.95857245,0.951408813
2218,2113.99943578,0.958507228
2219,2114.01986729,0.951555344
2220,2114.04029901,0.952865826
2221,2114.06073062,0.956644049
2222,2114.10159385,0.95595839
2223,2114.12202546,0.960334776
2224,2114.14245717,0.956392187
2225,2114.1833203,0.962545038
2226,2114.20375202,0.9623715
2227,2114.22418353,0.959216067
2228,2114.24461514,0.967409515
2229,2114.26504686,0.961457249
2230,2114.28547837,0.961685306
2231,2114.30591008,0.96637038
2232,2114.3263417,0.964840683
2233,2114.34677331,0.964661436
2234,2114.36720493,0.962236007
2235,2114.38763654,0.963061426
2236,2114.42849977,0.967158341
2237,2114.44893138,0.963943792
2238,2114.469363,0.960296266
2239,2114.48979461,0.955060201
2240,2114.51022623,0.953594285
2241,2114.53065794,0.947807481
2242,2114.55108946,0.945547037
2243,2114.57152107,0.948275675
2244,2114.59195279,0.946960819
2245,2114.6123843,0.945101082
2246,2114.63281591,0.941748694
2247,2114.67367914,0.941371688
2248,2114.69411076,0.943782982
2249,2114.71454248,0.943135334
2250,2114.73497399,0.946807548
2251,2114.75540571,0.93829599
2252,2114.77583732,0.938040646
2253,2114.79626884,0.932765519
2254,2114.81670055,0.933833072
2255,2114.83713217,0.930868692
2256,2114.85756368,0.933969154
2257,2114.8779954,0.936293253
2258,2114.95972186,0.899990101
2259,2114.98015358,0.88863675
2260,2115.00058509,0.890467819
2261,2115.02101671,0.891138862
2262,2115.04144842,0.88851804
2263,2115.06188004,0.885299214
2264,2115.08231156,0.884110403
2265,2115.10274327,0.87890232
2266,2115.12317489,0.874196902
2267,2115.18446974,0.871134949
2268,2115.20490135,0.870350423
2269,2115.22533297,0.867460091
2270,2115.24576459,0.864459706
2271,2115.2661962,0.863223355
2272,2115.28662782,0.858695977
2273,2115.30705954,0.850389641
2274,2115.32749105,0.844114932
2275,2115.34792267,0.836538281
2276,2115.36835439,0.834093338
2277,2115.40921752,0.834948977
2278,2115.42964924,0.835589076
2279,2115.45008076,0.842527467
2280,2115.47051237,0.846391665
2281,2115.49094409,0.855568243
2282,2115.51137561,0.865992374
2283,2115.53180733,0.877352374
2284,2115.55223894,0.888571963
2285,2115.57267056,0.89958281
2286,2115.59310218,0.90002541
2287,2115.6135338,0.907707832
2288,2115.65439703,0.917112063
2289,2115.67482865,0.928357762
2290,2115.69526027,0.929391688
2291,2115.71569199,0.933721826
2292,2115.73612351,0.935600756
2293,2115.75655522,0.933491741
2294,2115.77698684,0.944640734
2295,2115.79741836,0.941418832
2296,2115.81785008,0.943102177
2297,2115.8382817,0.947919028
2298,2115.85871322,0.951860313
2299,2115.89957655,0.9595861
2300,2115.92000817,0.958791606
2301,2115.94043979,0.962903428
2302,2115.96087131,0.963130764
2303,2115.98130303,0.969393836
2304,2116.00173465,0.970360911
2305,2116.02216617,0.968229056
2306,2116.04259789,0.972047742
2307,2116.06302951,0.976125702
2308,2116.08346113,0.972538335
2309,2116.10389274,0.975737858
2310,2116.14475608,0.971323472
2311,2116.1651876,0.976791181
2312,2116.18561922,0.975829683
2313,2116.20605094,0.978317239
2314,2116.22648256,0.97892202
2315,2116.24691408,0.977462517
2316,2116.2673458,0.986817149
2317,2116.28777742,0.981182117
2318,2116.30820904,0.983889296
2319,2116.32864066,0.987147668
2320,2116.34907228,0.983933388
2321,2116.38993553,0.981896413
2322,2116.41036714,0.984108784
2323,2116.43079887,0.981086375
2324,2116.45123039,0.983506224
2325,2116.47166201,0.983247854
2326,2116.49209373,0.981337139
2327,2116.51252525,0.984275757
2328,2116.53295697,0.982312213
2329,2116.55338859,0.983948877
2330,2116.57382011,0.979879852
2331,2116.59425183,0.984695067
2332,2116.63511498,0.985151803
2333,2116.6555467,0.980595506
2334,2116.67597822,0.981582477
2335,2116.69640994,0.98505269
2336,2116.71684156,0.980746968
2337,2116.73727308,0.980446737
2338,2116.75770481,0.981692792
2339,2116.77813643,0.981440899
2340,2116.79856805,0.976489809
2341,2116.81899967,0.987446751
2342,2116.83943129,1.015082815
2343,2116.90072616,0.968871806
2344,2116.92115788,0.974056701
2345,2116.94158951,0.973995146
2346,2116.96202103,0.973505547
2347,2116.98245275,0.97978754
2348,2117.00288438,0.976075402
2349,2117.0233159,0.975073998
2350,2117.04374762,0.976254379
2351,2117.06417924,0.974985948
2352,2117.08461097,0.974736842
2353,2117.14590584,0.971683925
2354,2117.16633736,0.974967141
2355,2117.18676898,0.971019374
2356,2117.20720061,0.972044289
2357,2117.22763223,0.971397983
2358,2117.24806386,0.968612326
2359,2117.26849548,0.969998153
2360,2117.2889271,0.972188519
2361,2117.32979035,0.964578809
2362,2117.39108523,0.954121352
2363,2117.41151685,0.954144126
2364,2117.43194857,0.958153833
2365,2117.4523802,0.956592318
2366,2117.47281182,0.955108397
2367,2117.49324345,0.954968576
2368,2117.5341067,0.958053257
2369,2117.55453832,0.955869646
2370,2117.57496995,0.955375028
2371,2117.59540167,0.953993491
2372,2117.6158332,0.956668162
2373,2117.63626483,0.955261079
2374,2117.65669655,0.951756019
2375,2117.67712808,0.953271933
2376,2117.6975598,0.954979877
2377,2117.71799143,0.950352783
2378,2117.73842295,0.951144784
2379,2117.75885468,0.946381242
2380,2117.77928631,0.945547182
2381,2117.79971783,0.946493798
2382,2117.82014956,0.945120987
2383,2117.88144444,0.937807656
2384,2117.90187607,0.931359241
2385,2117.92230769,0.932269165
2386,2117.94273932,0.937626075
2387,2117.96317095,0.936721255
2388,2117.98360257,0.93573053
2389,2118.0040342,0.939974049
2390,2118.02446583,0.936643511
2391,2118.04489745,0.938441937
2392,2118.06532908,0.93604805
2393,2118.12662396,0.93428401
2394,2118.14705569,0.933710438
2395,2118.16748732,0.934056442
2396,2118.18791885,0.932906527
2397,2118.20835058,0.9412858
2398,2118.2287822,0.936893503
2399,2118.24921373,0.938725288
2400,2118.26964546,0.933744285
2401,2118.29007709,0.941395597
2402,2118.31050882,0.93488197
2403,2118.35137198,0.930895515
2404,2118.3718037,0.933154366
2405,2118.39223523,0.932713815
2406,2118.41266686,0.935256702
2407,2118.43309859,0.935837366
2408,2118.45353012,0.938860462
2409,2118.47396185,0.936666985
2410,2118.49439348,0.937874316
2411,2118.51482501,0.939356075
2412,2118.53525674,0.937109832
2413,2118.55568837,0.939906907
2414,2118.59655163,0.933619225
2415,2118.67827815,0.935372493
2416,2118.69870978,0.933424967
2417,2118.71914141,0.941486458
2418,2118.73957304,0.93655434
2419,2118.76000467,0.940376294
2420,2118.7804363,0.939559941
2421,2118.80086794,0.941175164
2422,2118.8417312,0.940859087
2423,2118.86216293,0.941241546
2424,2118.88259456,0.939079951
2425,2118.90302609,0.946164339
2426,2118.92345782,0.940040904
2427,2118.94388945,0.944213702
2428,2118.96432099,0.944009249
2429,2118.98475272,0.94507189
2430,2119.00518435,0.942847985
2431,2119.02561588,0.945642877
2432,2119.04604762,0.941430172
2433,2119.10734251,0.944039178
2434,2119.12777414,0.945741237
2435,2119.14820588,0.944745814
2436,2119.16863741,0.950391617
2437,2119.18906904,0.956802402
2438,2119.20950078,0.947884257
2439,2119.22993231,0.949534121
2440,2119.27079568,0.955112634
2441,2119.29122731,0.951231213
2442,2119.35252211,0.94727538
2443,2119.37295385,0.947217996
2444,2119.39338548,0.947671888
2445,2119.41381721,0.950491871
2446,2119.43424875,0.955572302
2447,2119.45468038,0.950084162
2448,2119.47511212,0.953358858
2449,2119.49554365,0.951213563
2450,2119.53640702,0.959120647
2451,2119.57727019,0.949331556
2452,2119.61813346,0.950719798
2453,2119.6385652,0.952212682
2454,2119.65899683,0.956701823
2455,2119.67942837,0.958268925
2456,2119.6998601,0.958492224
2457,2119.72029174,0.960376329
2458,2119.74072338,0.959041737
2459,2119.76115501,0.960921011
2460,2119.78158665,0.96613845
2461,2119.82244992,0.959361368
2462,2119.84288156,0.958250771
2463,2119.86331329,0.959280161
2464,2119.88374493,0.959362559
2465,2119.90417647,0.965360936
2466,2119.92460811,0.961881984
2467,2119.94503974,0.964271015
2468,2119.96547138,0.962732156
2469,2119.98590312,0.969871815
2470,2120.00633466,0.966992113
2471,2120.02676639,0.963439302
2472,2120.06762957,0.949733843
2473,2120.08806131,0.953310742
2474,2120.10849294,0.958424097
2475,2120.12892448,0.959662534
2476,2120.14935622,0.959211575
2477,2120.16978786,0.95951128
2478,2120.1902196,0.959306511
2479,2120.21065114,0.957451886
2480,2120.23108277,0.954836607
2481,2120.25151451,0.949217596
2482,2120.31280943,0.944694614
2483,2120.33324097,0.943045025
2484,2120.35367261,0.941286062
2485,2120.37410435,0.943993134
2486,2120.39453589,0.931531893
2487,2120.41496763,0.926118643
2488,2120.43539927,0.915579632
2489,2120.45583091,0.913871835
2490,2120.47626255,0.908853169
2491,2120.49669419,0.904238813
2492,2120.51712583,0.906746373
2493,2120.55798911,0.917247706
2494,2120.57842085,0.920553387
2495,2120.59885239,0.92534339
2496,2120.61928403,0.933260327
2497,2120.63971578,0.930328964
2498,2120.66014732,0.933254445
2499,2120.68057896,0.935341154
2500,2120.7010107,0.933021987
2501,2120.72144224,0.932469683
2502,2120.74187388,0.934887094
2503,2120.76230563,0.938116055
2504,2120.80316891,0.939777925
2505,2120.82360055,0.944588411
2506,2120.84403209,0.940496576
2507,2120.86446384,0.941342591
2508,2120.88489548,0.945496106
2509,2120.90532702,0.940253774
2510,2120.92575877,0.940656202
2511,2120.94619041,0.939723847
2512,2120.96662215,0.934916609
2513,2120.9870537,0.930245818
2514,2121.00748534,0.944963326
2515,2121.06878027,0.954906447
2516,2121.08921202,0.954520227
2517,2121.10964366,0.959033811
2518,2121.1300752,0.961741903
2519,2121.15050695,0.958976837
2520,2121.17093859,0.958703587
2521,2121.19137024,0.961428652
2522,2121.21180188,0.961809793
2523,2121.25266517,0.966275553
2524,2121.27309682,0.966982448
2525,2121.29352846,0.966406564
2526,2121.31396011,0.967970839
2527,2121.33439175,0.97572022
2528,2121.3548235,0.974832506
2529,2121.37525504,0.974990805
2530,2121.39568669,0.974643189
2531,2121.41611844,0.973719019
2532,2121.43654998,0.971857976
2533,2121.45698163,0.970738363
2534,2121.47741338,0.970776997
2535,2121.49784492,0.970496393
2536,2121.53870832,0.968034909
2537,2121.55913986,0.969749825
2538,2121.57957161,0.968716498
2539,2121.60000326,0.967035259
2540,2121.64086655,0.967032737
2541,2121.6612982,0.966555884
2542,2121.68172985,0.9675329
2543,2121.7021615,0.966733134
2544,2121.72259314,0.968235304
2545,2121.74302489,0.967825609
2546,2121.78388809,0.96518105
2547,2121.80431984,0.965003226
2548,2121.82475149,0.967806925
2549,2121.84518304,0.966871613
2550,2121.86561479,0.966426697
2551,2121.88604644,0.968669788
2552,2121.90647798,0.96786811
2553,2121.92690973,0.970012053
2554,2121.94734138,0.970633438
2555,2121.96777303,0.970035482
2556,2121.98820468,0.970557539
2557,2122.04949963,0.972143276
2558,2122.06993118,0.971192985
2559,2122.09036293,0.969421519
2560,2122.11079458,0.967279786
2561,2122.13122634,0.97004377
2562,2122.15165789,0.969261258
2563,2122.17208954,0.971136787
2564,2122.19252129,0.970920146
2565,2122.21295284,0.971951251
2566,2122.23338449,0.971927015
2567,2122.2742479,0.967407088
2568,2122.29467945,0.972665417
2569,2122.3151112,0.973735244
2570,2122.33554285,0.972354908
2571,2122.35597451,0.973158106
2572,2122.37640616,0.97172047
2573,2122.39683781,0.971193875
2574,2122.41726946,0.970508321
2575,2122.43770112,0.969366609
2576,2122.45813277,0.97015155
2577,2122.51942783,0.96778683
2578,2122.53985948,0.966979105
2579,2122.56029104,0.96818723
2580,2122.58072279,0.969279837
2581,2122.60115445,0.96986333
2582,2122.621586,0.968942493
2583,2122.66244931,0.968136601
2584,2122.68288106,0.970710741
2585,2122.70331272,0.967667697
2586,2122.72374428,0.96453789
2587,2122.78503924,0.96167604
2588,2122.805471,0.959837732
2589,2122.82590265,0.959809716
2590,2122.84633431,0.958165047
2591,2122.86676597,0.958559921
2592,2122.88719762,0.959155604
2593,2122.90762938,0.96020818
2594,2122.92806103,0.958195188
2595,2122.94849259,0.957883018
2596,2122.96892435,0.958645755
2597,2123.03021932,0.9559722
2598,2123.07108273,0.95127525
2599,2123.09151429,0.952442906
2600,2123.11194595,0.95369843
2601,2123.13237771,0.953528771
2602,2123.15280927,0.951504337
2603,2123.17324092,0.952437086
2604,2123.19367268,0.954306664
2605,2123.21410424,0.955685336
2606,2123.27539922,0.954927004
2607,2123.29583098,0.955945838
2608,2123.31626254,0.953368862
2609,2123.3366942,0.953579507
2610,2123.35712596,0.956274313
2611,2123.37755752,0.95611955
2612,2123.39798918,0.954941592
2613,2123.41842094,0.954834723
2614,2123.4388525,0.954401581
2615,2123.45928426,0.952267966
2616,2123.50014758,0.949045644
2617,2123.52057924,0.949118447
2618,2123.5410109,0.948625718
2619,2123.56144256,0.945408112
2620,2123.58187422,0.945501006
2621,2123.60230589,0.944655072
2622,2123.62273765,0.944437478
2623,2123.64316931,0.94582866
2624,2123.66360087,0.945804843
2625,2123.68403264,0.947009911
2626,2123.7044643,0.94780488
2627,2123.74532762,0.95081432
2628,2123.76575929,0.947808151
2629,2123.78619085,0.946121273
2630,2123.82705428,0.943927359
2631,2123.84748604,0.944804187
2632,2123.8679176,0.946608884
2633,2123.88834927,0.947417642
2634,2123.90878093,0.947731041
2635,2123.9292126,0.946302475
2636,2123.94964426,0.946157252
2637,2123.99050759,0.945935132
2638,2124.01093935,0.9459988
2639,2124.03137092,0.945415582
2640,2124.05180258,0.946625875
2641,2124.09266591,0.947732534
2642,2124.11309758,0.949665757
2643,2124.13352935,0.948474267
2644,2124.15396101,0.949253336
2645,2124.17439258,0.949878997
2646,2124.19482435,0.94985586
2647,2124.23568768,0.948642367
2648,2124.25611935,0.948503657
2649,2124.27655101,0.948580728
2650,2124.29698278,0.949198237
2651,2124.31741435,0.949761254
2652,2124.33784601,0.950071238
2653,2124.35827778,0.951173958
2654,2124.37870935,0.950721952
2655,2124.39914112,0.950384624
2656,2124.41957279,0.951284468
2657,2124.44000435,0.950982091
2658,2124.48086779,0.949606347
2659,2124.50129936,0.949782088
2660,2124.52173113,0.950090994
2661,2124.5421628,0.951172553
2662,2124.56259447,0.949618172
2663,2124.58302614,0.950300612
2664,2124.60345781,0.951573798
2665,2124.62388948,0.952430993
2666,2124.64432115,0.953612002
2667,2124.66475282,0.953371613
2668,2124.68518449,0.956400708
2669,2124.7464795,0.955323289
2670,2124.76691117,0.953966766
2671,2124.78734294,0.955927566
2672,2124.80777461,0.954985102
2673,2124.82820618,0.956847263
2674,2124.84863796,0.957487719
2675,2124.86906963,0.957661142
2676,2124.8895012,0.959772093
2677,2124.90993297,0.960629762
2678,2124.99165966,0.96097347
2679,2125.01209144,0.960937106
2680,2125.03252301,0.959064779
2681,2125.05295468,0.960842279
2682,2125.07338646,0.958639823
2683,2125.09381803,0.960424879
2684,2125.11424971,0.960622381
2685,2125.13468148,0.959925754
2686,2125.15511305,0.959276053
2687,2125.17554483,0.959959382
2688,2125.1959765,0.960016161
2689,2125.21640808,0.960522631
2690,2125.23683985,0.962046157
2691,2125.25727153,0.96234425
2692,2125.2777032,0.962651466
2693,2125.29813488,0.961924491
2694,2125.31856655,0.962382852
2695,2125.33899823,0.963377605
2696,2125.35942991,0.964818865
2697,2125.37986158,0.966469322
2698,2125.40029326,0.966145707
2699,2125.42072494,0.967505704
2700,2125.46158829,0.961601728
2701,2125.48201997,0.963159223
2702,2125.50245175,0.963698741
2703,2125.52288342,0.966731327
2704,2125.543315,0.966936139
2705,2125.56374678,0.967157862
2706,2125.58417846,0.968243344
2707,2125.60461003,0.967177762
2708,2125.62504181,0.965545793
2709,2125.66590507,0.966396602
2710,2125.70676853,0.964287091
2711,2125.72720031,0.965973261
2712,2125.76806357,0.960267693
2713,2125.78849535,0.958878629
2714,2125.80892693,0.957493525
2715,2125.82935861,0.956336796
2716,2125.84979039,0.954539441
2717,2125.87022197,0.953699372
2718,2125.89065375,0.952882281
2719,2125.91108543,0.95351066
2720,2125.97238037,0.950898783
2721,2125.99281216,0.949724624
2722,2126.01324384,0.948177888
2723,2126.03367552,0.947666247
2724,2126.0541071,0.947064874
2725,2126.07453889,0.946086893
2726,2126.09497057,0.946158976
2727,2126.11540225,0.945014048
2728,2126.13583393,0.943421782
2729,2126.15626562,0.941729073
2730,2126.19712898,0.94017099
2731,2126.21756067,0.940546076
2732,2126.23799245,0.940647723
2733,2126.25842404,0.941700611
2734,2126.27885582,0.943592462
2735,2126.29928751,0.944235574
2736,2126.31971909,0.945028275
2737,2126.34015088,0.944657956
2738,2126.36058256,0.946602226
2739,2126.38101415,0.944630494
2740,2126.40144593,0.947459254
2741,2126.46274099,0.941251173
2742,2126.48317268,0.94189445
2743,2126.50360446,0.943732062
2744,2126.52403605,0.943848319
2745,2126.54446774,0.945926067
2746,2126.56489952,0.94669908
2747,2126.58533121,0.948725597
2748,2126.6057628,0.952907315
2749,2126.62619448,0.954205262
2750,2126.64662627,0.953717732
2751,2126.68748965,0.95326387
2752,2126.70792124,0.954681915
2753,2126.72835303,0.954202929
2754,2126.74878472,0.955294572
2755,2126.7692163,0.95606884
2756,2126.78964809,0.958274773
2757,2126.81007978,0.959075578
2758,2126.83051157,0.958531316
2759,2126.85094316,0.958768763
2760,2126.87137485,0.960518674
2761,2126.89180664,0.961222723
2762,2126.95310171,0.958181767
2763,2126.9735333,0.959635996
2764,2126.993965,0.960153187
2765,2127.01439679,0.961317375
2766,2127.03482838,0.960945966
2767,2127.05526017,0.963100917
2768,2127.09612345,0.963709901
2769,2127.11655525,0.961203169
2770,2127.13698694,0.962168549
2771,2127.19828202,0.960744952
2772,2127.21871381,0.962525212
2773,2127.2391454,0.961676535
2774,2127.2595771,0.961711461
2775,2127.28000879,0.96167716
2776,2127.30044049,0.962152999
2777,2127.32087218,0.962879901
2778,2127.34130397,0.963144839
2779,2127.36173557,0.963528744
2780,2127.38216726,0.96424487
2781,2127.42303065,0.961377811
2782,2127.44346245,0.961736188
2783,2127.46389415,0.963445784
2784,2127.48432574,0.96432447
2785,2127.50475754,0.964396913
2786,2127.52518924,0.964561126
2787,2127.54562083,0.96523688
2788,2127.56605263,0.965087908
2789,2127.58648433,0.965896712
2790,2127.60691612,0.96715762
2791,2127.62734772,0.966390845
2792,2127.68864281,0.959775164
2793,2127.70907451,0.960959344
2794,2127.72950631,0.96136072
2795,2127.74993791,0.959772903
2796,2127.77036971,0.959460647
2797,2127.79080141,0.959817866
2798,2127.81123311,0.958429596
2799,2127.8316648,0.958631447
2800,2127.8520965,0.959899666
2801,2127.8725282,0.961124433
2802,2127.9133916,0.961524143
2803,2127.9338233,0.961741525
2804,2127.95425501,0.960957637
2805,2127.97468671,0.961811073
2806,2127.99511851,0.963034611
2807,2128.01555011,0.963867732
2808,2128.03598181,0.962669481
2809,2128.05641361,0.961052758
2810,2128.07684521,0.962543458
2811,2128.09727691,0.96160044
2812,2128.11770872,0.963070392
2813,2128.15857212,0.957565265
2814,2128.17900383,0.958042801
2815,2128.19943543,0.957692448
2816,2128.21986723,0.958319823
2817,2128.24029894,0.957651239
2818,2128.26073054,0.956804061
2819,2128.28116234,0.957547682
2820,2128.30159405,0.957176022
2821,2128.32202565,0.958375773
2822,2128.34245746,0.956908823
2823,2128.36288916,0.958872925
2824,2128.42418428,0.954393885
2825,2128.44461608,0.960353273
2826,2128.46504779,0.95613847
2827,2128.48547939,0.95391209
2828,2128.5059112,0.954110276
2829,2128.52634291,0.955931785
2830,2128.54677461,0.955574124
2831,2128.58763803,0.959151923
2832,2128.60806974,0.959241552
2833,2128.62850144,0.959697703
2834,2128.64893315,0.963892867
2835,2128.66936486,0.960237731
2836,2128.68979657,0.961901439
2837,2128.71022838,0.962558105
2838,2128.73065999,0.961303526
2839,2128.75109169,0.961001211
2840,2128.7715235,0.960842137
2841,2128.79195511,0.959729959
2842,2128.81238682,0.962235136
2843,2128.83281863,0.955598754
2844,2128.85325024,0.948654871
2845,2128.91454537,0.95297515
2846,2128.93497719,0.951926979
2847,2128.9554089,0.951904646
2848,2128.99627232,0.950594347
2849,2129.01670403,0.951865192
2850,2129.03713574,0.953747685
2851,2129.05756745,0.954021337
2852,2129.07799917,0.95399467
2853,2129.09843098,0.952161192
2854,2129.15972612,0.94823064
2855,2129.18015783,0.949294738
2856,2129.20058945,0.948152537
2857,2129.22102126,0.947941738
2858,2129.24145297,0.948306758
2859,2129.26188469,0.950297086
2860,2129.2823164,0.950147224
2861,2129.30274812,0.952630972
2862,2129.34361155,0.952045683
2863,2129.38447498,0.948577219
2864,2129.4049067,0.949274381
2865,2129.42533831,0.949553428
2866,2129.44577013,0.948514133
2867,2129.46620184,0.951753008
2868,2129.48663366,0.951628127
2869,2129.50706528,0.95062287
2870,2129.527497,0.951242948
2871,2129.54792881,0.950192514
2872,2129.56836043,0.951633878
2873,2129.58879215,0.953213223
2874,2129.6500874,0.952490138
2875,2129.67051912,0.954514222
2876,2129.69095084,0.954607646
2877,2129.71138256,0.954497539
2878,2129.73181428,0.957235789
2879,2129.752246,0.955170123
2880,2129.77267772,0.954766516
2881,2129.79310944,0.955809591
2882,2129.81354116,0.955114107
2883,2129.83397298,0.955405347
2884,2129.87483643,0.954822328
2885,2129.89526815,0.956229383
2886,2129.91569977,0.956347162
2887,2129.93613159,0.954973854
2888,2129.95656331,0.953241316
2889,2129.97699494,0.954179611
2890,2129.99742676,0.955968922
2891,2130.01785838,0.958361229
2892,2130.0382902,0.960127701
2893,2130.05872193,0.958986647
2894,2130.07915355,0.959365267
2895,2130.1200171,0.95964779
2896,2130.14044872,0.961772913
2897,2130.16088055,0.962263269
2898,2130.18131227,0.958889902
2899,2130.2017441,0.95853413
2900,2130.22217572,0.960880768
2901,2130.24260745,0.96111976
2902,2130.2834709,0.962263417
2903,2130.32433445,0.956571365
2904,2130.3651978,0.965350207
2905,2130.38562963,0.960047705
2906,2130.40606136,0.96073656
2907,2130.42649309,0.958771838
2908,2130.44692481,0.955824236
2909,2130.46735654,0.953887451
2910,2130.48778837,0.953925754
2911,2130.50822,0.953614715
2912,2130.52865173,0.951228108
2913,2130.56951519,0.954564493
2914,2130.63081037,0.961924858
2915,2130.6512422,0.964427801
2916,2130.67167384,0.966597183
2917,2130.69210557,0.963197344
2918,2130.7125374,0.963804804
2919,2130.73296903,0.96566835
2920,2130.75340086,0.965268594
2921,2130.77383259,0.964865612
2922,2130.79426422,0.968377969
2923,2130.81469605,0.963615545
2924,2130.87599125,0.972282042
2925,2130.89642298,0.972307868
2926,2130.91685472,0.971290823
2927,2130.93728645,0.97471638
2928,2130.97815002,0.970674171
2929,2130.99858175,0.968854028
2930,2131.01901339,0.967970383
2931,2131.03944522,0.968104496
2932,2131.05987696,0.967796636
2933,2131.12117216,0.972151884
2934,2131.16203563,0.974547154
2935,2131.18246737,0.973434604
2936,2131.20289921,0.970197464
2937,2131.22333084,0.968611009
2938,2131.24376258,0.967118393
2939,2131.26419432,0.968537198
2940,2131.28462606,0.967391472
2941,2131.3050579,0.967216232
2942,2131.36635311,0.969921283
2943,2131.38678475,0.961481076
2944,2131.40721649,0.961761262
2945,2131.42764833,0.961652768
2946,2131.44807997,0.961082888
2947,2131.46851171,0.958100568
2948,2131.48894355,0.95354593
2949,2131.50937519,0.947794841
2950,2131.52980703,0.940374619
2951,2131.55023877,0.933302694
2952,2131.59110225,0.929274718
2953,2131.61153399,0.935156317
2954,2131.63196573,0.942402872
2955,2131.65239758,0.945958168
2956,2131.67282922,0.943283136
2957,2131.69326106,0.938093993
2958,2131.7136928,0.932512071
2959,2131.73412445,0.928258232
2960,2131.75455629,0.924298152
2961,2131.77498803,0.917745899
2962,2131.79541968,0.91641616
2963,2131.85671511,0.931964404
2964,2131.87714676,0.929939379
2965,2131.8975785,0.931537391
2966,2131.91801025,0.933425336
2967,2131.93844199,0.931509393
2968,2131.95887374,0.93733808
2969,2131.97930548,0.942677551
2970,2131.99973723,0.945529587
2971,2132.02016898,0.95130095
2972,2132.04060072,0.954765027
2973,2132.06103247,0.944321349
2974,2132.08146432,0.951180983
2975,2132.10189597,0.947005664
2976,2132.12232771,0.948077493
2977,2132.14275956,0.947321768
2978,2132.16319121,0.94740401
2979,2132.18362296,0.947768883
2980,2132.20405481,0.947988125
2981,2132.24491831,0.945929954
2982,2132.26535006,0.94764307
2983,2132.28578181,0.948193726
2984,2132.32664531,0.969688843
2985,2132.34707706,0.95125306
2986,2132.38794056,0.954996447
2987,2132.40837241,0.956928961
2988,2132.42880416,0.956224099
2989,2132.44923581,0.957718347
2990,2132.46966767,0.959435185
2991,2132.49009942,0.957749851
2992,2132.51053107,0.957350129
2993,2132.53096293,0.957505619
2994,2132.57182633,0.961006027
2995,2132.59225819,0.973145348
2996,2132.61268994,0.961289065
2997,2132.63312169,0.962822383
2998,2132.65355345,0.964421602
2999,2132.6739851,0.966484299
3000,2132.69441696,0.967390822
3001,2132.71484871,0.969607948
3002,2132.75571223,0.967024267
3003,2132.77614398,0.968455187
3004,2132.83743925,0.971978703
3005,2132.85787111,0.974052437
3006,2132.87830287,0.974240954
3007,2132.89873452,0.971206822
3008,2132.91916638,0.969648604
3009,2132.93959814,0.9671844
3010,2132.9600299,0.97024749
3011,2132.98046166,0.969765632
3012,2133.00089342,0.971080527
3013,2133.02132528,0.970623606
3014,2133.08262056,0.971107781
3015,2133.10305222,0.971145615
3016,2133.12348408,0.972551132
3017,2133.14391584,0.97391428
3018,2133.1643475,0.973891857
3019,2133.18477936,0.971178599
3020,2133.20521112,0.971411249
3021,2133.26650641,0.968067305
3022,2133.30736994,0.969673644
3023,2133.3278016,0.972132029
3024,2133.34823346,0.973473198
3025,2133.36866523,0.975465513
3026,2133.38909689,0.974051382
3027,2133.40952875,0.972712594
3028,2133.42996052,0.973532524
3029,2133.45039228,0.973592015
3030,2133.47082405,0.971198388
3031,2133.49125581,0.969784031
3032,2133.51168768,0.966737769
3033,2133.55255111,0.959385621
3034,2133.57298298,0.96421204
3035,2133.61384641,0.957911762
3036,2133.63427828,0.977470451
3037,2133.65471005,0.968894746
3038,2133.67514192,0.967117422
3039,2133.69557359,0.967145691
3040,2133.71600535,0.967457994
3041,2133.73643722,0.968690553
3042,2133.75686889,0.969452324
3043,2133.77730066,0.968895255
3044,2133.79773253,0.968607466
3045,2133.83859597,0.965354067
3046,2133.85902784,0.963945786
3047,2133.87945951,0.963916714
3048,2133.89989138,0.962983757
3049,2133.92032315,0.963733563
3050,2133.94075483,0.965384446
3051,2133.9611867,0.964272687
3052,2133.98161837,0.959522806
3053,2134.00205024,0.961061021
3054,2134.06334556,0.960170361
3055,2134.08377733,0.970358909
3056,2134.10420911,0.98168743
3057,2134.12464088,0.963769766
3058,2134.14507266,0.963853283
3059,2134.16550443,0.96470311
3060,2134.1859362,0.966738067
3061,2134.20636798,0.968293073
3062,2134.22679975,0.968135432
3063,2134.24723163,0.969339677
3064,2134.26766331,0.970417026
3065,2134.28809518,0.968591403
3066,2134.30852696,0.963470642
3067,2134.32895864,0.962156357
3068,2134.34939051,0.964291306
3069,2134.36982229,0.966934645
3070,2134.39025397,0.96127265
3071,2134.41068585,0.961268222
3072,2134.43111762,0.961235781
3073,2134.4515495,0.955620134
3074,2134.47198118,0.952055326
3075,2134.49241296,0.958854537
3076,2134.5537083,0.95343547
3077,2134.57414008,0.957055009
3078,2134.59457186,0.959129564
3079,2134.61500374,0.964817212
3080,2134.63543552,0.952793651
3081,2134.6558672,0.954834428
3082,2134.67629909,0.958583475
3083,2134.71716255,0.956786595
3084,2134.73759443,0.956923726
3085,2134.79888978,0.950491779
3086,2134.81932156,0.94999363
3087,2134.83975335,0.95208028
3088,2134.86018513,0.953142693
3089,2134.88061692,0.953718126
3090,2134.9010488,0.952714801
3091,2134.92148049,0.950603257
3092,2134.94191227,0.947379636
3093,2134.96234416,0.945858884
3094,2134.98277584,0.945509974
3095,2135.0440712,0.950702439
3096,2135.06450309,0.949490066
3097,2135.08493488,0.949444093
3098,2135.10536656,0.951092776
3099,2135.12579845,0.951750586
3100,2135.14623024,0.948793465
3101,2135.16666213,0.948190886
3102,2135.18709382,0.948744218
3103,2135.20752561,0.950956615
3104,2135.2279575,0.952705019
3105,2135.26882097,0.955805095
3106,2135.28925286,0.95644454
3107,2135.30968456,0.957347476
3108,2135.33011635,0.955990212
3109,2135.35054814,0.955986198
3110,2135.37097993,0.955397735
3111,2135.39141182,0.955213438
3112,2135.41184361,0.955506456
3113,2135.43227531,0.955800774
3114,2135.4527072,0.953996678
3115,2135.47313899,0.95356793
3116,2135.53443437,0.959808733
3117,2135.57529796,0.958240648
3118,2135.59572975,0.958637637
3119,2135.61616165,0.960102555
3120,2135.63659334,0.961266176
3121,2135.65702514,0.96166631
3122,2135.67745703,0.9638315
3123,2135.69788873,0.964183799
3124,2135.71832063,0.961942872
3125,2135.77961602,0.947185658
3126,2135.80004782,0.953639242
3127,2135.82047951,0.958000484
3128,2135.84091141,0.964049122
3129,2135.86134321,0.955902216
3130,2135.88177501,0.983907494
3131,2135.90220681,0.96972518
3132,2135.92263861,0.962046107
3133,2135.94307051,0.962507292
3134,2135.96350221,0.963249865
3135,2135.98393401,0.963882667
3136,2136.00436581,0.960850763
3137,2136.02479761,0.956504076
3138,2136.04522941,0.95298448
3139,2136.06566131,0.947707933
3140,2136.08609301,0.938017844
3141,2136.10652492,0.9300268
3142,2136.12695672,0.924476393
3143,2136.14738842,0.920805744
3144,2136.16782032,0.921642028
3145,2136.18825213,0.920961733
3146,2136.20868383,0.921404038
3147,2136.24954754,0.922194606
3148,2136.26997944,0.917995562
3149,2136.29041115,0.914833686
3150,2136.31084295,0.91647906
3151,2136.33127486,0.919571966
3152,2136.35170656,0.920029971
3153,2136.37213837,0.925052067
3154,2136.39257027,0.920871648
3155,2136.41300198,0.923129239
3156,2136.43343379,0.932707653
3157,2136.51516112,0.944288125
3158,2136.53559293,0.945841361
3159,2136.55602474,0.955981023
3160,2136.57645654,0.955906088
3161,2136.59688835,0.954574853
3162,2136.61732016,0.956473241
3163,2136.63775197,0.959582886
3164,2136.65818378,0.961876236
3165,2136.67861559,0.960659837
3166,2136.6990474,0.956244733
3167,2136.76034284,0.959913807
3168,2136.78077475,0.958781968
3169,2136.80120646,0.960540152
3170,2136.82163838,0.959932404
3171,2136.84207019,0.960353343
3172,2136.88293382,0.957343153
3173,2136.90336563,0.953727424
3174,2136.92379734,0.95019934
3175,2137.0055247,0.935517697
3176,2137.02595652,0.932658741
3177,2137.04638844,0.921491421
3178,2137.06682015,0.908938946
3179,2137.08725197,0.902455047
3180,2137.10768389,0.898975766
3181,2137.1281156,0.897510033
3182,2137.14854742,0.890669578
3183,2137.16897934,0.88639207
3184,2137.18941116,0.884599312
3185,2137.25070661,0.884972645
3186,2137.27113843,0.892090979
3187,2137.29157025,0.897715662
3188,2137.31200207,0.902239991
3189,2137.33243389,0.906361921
3190,2137.35286572,0.907605185
3191,2137.37329754,0.905910306
3192,2137.39372936,0.904695861
3193,2137.41416118,0.90591636
3194,2137.4345931,0.907969615
3195,2137.49588857,0.9114377
3196,2137.51632029,0.909392718
3197,2137.53675222,0.904967472
3198,2137.55718404,0.903739718
3199,2137.57761576,0.903877755
3200,2137.59804769,0.903570456
3201,2137.61847951,0.898333435
3202,2137.63891124,0.897493443
3203,2137.65934316,0.899826862
3204,2137.67977499,0.901674304
3205,2137.72063864,0.902945131
3206,2137.74107047,0.903000591
3207,2137.7615024,0.906100847
3208,2137.78193412,0.906571749
3209,2137.80236595,0.908851843
3210,2137.82279788,0.911616697
3211,2137.84322961,0.914576995
3212,2137.86366144,0.917704353
3213,2137.88409337,0.923419256
3214,2137.9045252,0.93120118
3215,2137.92495702,0.935595181
3216,2137.96582059,0.944866289
3217,2137.98625252,0.949023195
3218,2138.00668435,0.949117504
3219,2138.02711608,0.947444314
3220,2138.04754801,0.94787345
3221,2138.06797984,0.948356688
3222,2138.08841177,0.950096083
3223,2138.10884351,0.953071495
3224,2138.12927534,0.951673645
3225,2138.14970727,0.953768195
3226,2138.170139,0.955378174
3227,2138.23143451,0.964202269
3228,2138.25186644,0.976164589
3229,2138.27229828,0.962830124
3230,2138.29273001,0.961753115
3231,2138.31316195,0.963281624
3232,2138.33359379,0.962939211
3233,2138.35402552,0.965081802
3234,2138.37445746,0.966604111
3235,2138.3948893,0.967275697
3236,2138.41532113,0.965571612
3237,2138.43575297,0.966020897
3238,2138.45618481,0.965668067
3239,2138.47661675,0.964389186
3240,2138.49704849,0.96315924
3241,2138.51748032,0.961916983
3242,2138.53791226,0.961780913
3243,2138.5583441,0.962575851
3244,2138.57877584,0.962037175
3245,2138.59920778,0.959402415
3246,2138.61963952,0.962213234
3247,2138.64007146,0.96078662
3248,2138.66050331,0.955091878
3249,2138.72179883,0.961189533
3250,2138.74223058,0.96215425
3251,2138.76266252,0.963650824
3252,2138.78309436,0.963125285
